BEGIN TRANSACTION;
CREATE TABLE IF NOT EXISTS `TribeTable` (
	`No`	INTEGER UNIQUE,
	`DispNum`	INTEGER,
	`Name`	TEXT,
	`field4`	TEXT,
	PRIMARY KEY(`No`)
);
INSERT INTO `TribeTable` VALUES (1,1,'大天使',NULL),
 (2,2,'女神',NULL),
 (3,3,'魔神',NULL),
 (4,4,'神獣',NULL),
 (5,5,'聖獣',NULL),
 (6,6,'幻魔',NULL),
 (7,7,'破壊心',NULL),
 (8,8,'地母神',NULL),
 (9,9,'鬼神',NULL),
 (10,10,'天使',NULL),
 (11,11,'妖魔',NULL),
 (12,12,'龍王',NULL),
 (13,13,'魔獣',NULL),
 (14,14,'妖精',NULL),
 (15,15,'堕天使',NULL),
 (16,16,'妖鬼',NULL),
 (17,17,'鬼女',NULL),
 (18,18,'夜魔',NULL),
 (19,19,'邪神',NULL),
 (20,20,'妖獣',NULL),
 (21,21,'外道',NULL),
 (22,22,'魔王',NULL),
 (23,23,'幽鬼',NULL),
 (24,24,'魔人',NULL),
 (25,25,'英雄',NULL),
 (26,26,'怪異',NULL),
 (27,27,'珍獣',NULL),
 (28,28,'秘神',NULL),
 (29,29,'霊鳥',NULL),
 (30,30,'狂神',NULL);
CREATE TABLE IF NOT EXISTS `SkillTable` (
	`ID`	INTEGER NOT NULL,
	`AttributeID`	INTEGER,
	`Name`	TEXT,
	`Target`	TEXT,
	`MP`	INTEGER,
	`Power`	INTEGER,
	`Count`	INTEGER,
	`Effect`	TEXT,
	`MaxLV`	INTEGER,
	`LVUP`	TEXT,
	`InheritancePoint`	INTEGER,
	PRIMARY KEY(`ID`)
);
INSERT INTO `SkillTable` VALUES (1,1,'スラッシュ','敵単体',4,120,0,'',6,'与えるダメージアップ',1),
 (2,1,'絶命剣','敵単体',5,140,0,'',6,'与えるダメージアップ',6),
 (3,1,'怪力乱神','敵単体',6,160,0,'',6,'与えるダメージアップ',9),
 (4,1,'メガトンレイド','敵単体',7,180,0,'',5,'与えるダメージアップ',12),
 (5,1,'ゴッドハンド','敵単体',8,200,0,'',5,'与えるダメージアップ',15),
 (6,1,'突撃','敵単体',4,115,0,'クリティカル率30%',6,'命中率アップ',2),
 (7,1,'鬼神楽','敵単体',5,130,0,'クリティカル率30%',6,'命中率アップ',5),
 (8,1,'モータルジハード','敵単体',6,145,0,'クリティカル率30%',6,'命中率アップ',7),
 (9,1,'なぎ払い','敵全体',4,80,0,'',6,'与えるダメージアップ',2),
 (10,1,'金剛発破','敵全体',5,100,0,'',6,'与えるダメージアップ',4),
 (11,1,'冥界破','敵全体',6,120,0,'',6,'与えるダメージアップ',6),
 (12,1,'空間殺法','敵全体',7,140,0,'',5,'与えるダメージアップ',8),
 (13,1,'ギガントマキア','敵全体',8,160,0,'',5,'与えるダメージアップ',10),
 (14,1,'ヒートウェイブ','敵全体',5,70,0,'クリティカル率30%',6,'命中率アップ',2),
 (15,1,'メガトンプレス','敵全体',6,90,0,'クリティカル率30%',6,'命中率アップ',4),
 (16,1,'ティタノマキア','敵全体',7,110,0,'クリティカル率30%',6,'命中率アップ',6),
 (17,1,'暴れまくり','敵ランダム',3,45,0,'2-3回',5,'与えるダメージアップ',3),
 (18,1,'デスバウンド','敵ランダム',4,55,0,'2-3回',5,'与えるダメージアップ',4),
 (19,1,'狂乱の剛爪','敵ランダム',5,65,0,'2-3回',5,'与えるダメージアップ',7),
 (20,1,'虚空爪激','敵ランダム',6,75,0,'2-3回',5,'与えるダメージアップ',9),
 (21,1,'五月雨斬り','敵ランダム',5,50,0,'2-5回',4,'与えるダメージアップ',7),
 (22,1,'刹那五月雨撃ち','敵ランダム',7,65,0,'2-5回',4,'与えるダメージアップ',9),
 (23,1,'丸かじり','敵単体',5,120,0,'ダメージの25%分自身のHPを回復',6,'与えるダメージアップ',6),
 (24,1,'暴飲暴食','敵単体',6,140,0,'ダメージの40%分自身のHPを回復',6,'与えるダメージアップ',8),
 (25,1,'捨て身の一撃','敵単体',7,170,0,'自身のHPを10%消費',7,'与えるダメージアップ',6),
 (26,1,'毒針','敵単体',5,120,0,'毒付与40%',6,'状態異常付与率アップ',6),
 (27,1,'バインドクロー','敵単体',5,120,0,'緊縛付与40%',6,'状態異常付与率アップ',6),
 (28,1,'暗夜剣','敵単体',5,120,0,'魔封付与40%',6,'状態異常付与率アップ',6),
 (29,1,'甘噛み','敵単体',5,120,0,'魅了付与40%',6,'状態異常付与率アップ',6),
 (30,1,'痺れ噛みつき','敵単体',5,160,0,'緊縛付与35%',1,'-',0),
 (31,1,'グングニル','敵全体',7,145,3,'クリティカル率30%',1,'-',0),
 (32,1,'ゲイボルグ','敵ランダム',7,50,0,'4-6回攻撃',1,'-',0),
 (33,1,'地獄突き','敵ランダム',7,50,0,'4回攻撃',1,'-',0),
 (34,1,'八艘飛び','敵ランダム',7,35,0,'8回攻撃',1,'-',0),
 (35,1,'地獄の獰爪','敵ランダム',5,65,0,'3回、クリティカル率30%',1,'-',0),
 (201,2,'アギ','敵単体',4,120,0,'',6,'与えるダメージアップ',1),
 (202,2,'アギラオ','敵単体',5,140,0,'',6,'与えるダメージアップ',6),
 (203,2,'アギダイン','敵単体',6,160,0,'',6,'与えるダメージアップ',9),
 (204,2,'トリスアギオン','敵単体',7,180,0,'',6,'与えるダメージアップ',12),
 (205,2,'ラグナロク','敵単体',7,215,0,'',1,'-',0),
 (206,2,'マハラギ','敵全体',5,80,0,'',5,'与えるダメージアップ',2),
 (207,2,'マハラギオン','敵全体',6,100,0,'',5,'与えるダメージアップ',6),
 (208,2,'マハラギダイン','敵全体',7,120,0,'',5,'与えるダメージアップ',9),
 (209,2,'ファイアブレス','敵ランダム',4,40,0,'2-4回攻撃',5,'与えるダメージアップ',7),
 (210,2,'地獄の業火','敵ランダム',5,50,0,'2-4回攻撃',5,'与えるダメージアップ',10),
 (401,3,'ブフ','敵単体',4,120,0,'',6,'与えるダメージアップ',1),
 (402,3,'ブフーラ','敵単体',5,140,0,'',6,'与えるダメージアップ',6),
 (403,3,'ブフダイン','敵単体',6,160,0,'',6,'与えるダメージアップ',9),
 (404,3,'アイスエイジ','敵単体',7,180,0,'',6,'与えるダメージアップ',12),
 (405,3,'マハブフ','敵全体',5,80,0,'',5,'与えるダメージアップ',2),
 (406,3,'マハブフーラ','敵全体',6,100,0,'',5,'与えるダメージアップ',6),
 (407,3,'マハブフダイン','敵全体',7,120,0,'',5,'与えるダメージアップ',9),
 (408,3,'アイスブレス','敵ランダム',4,40,0,'2-4回攻撃',5,'与えるダメージアップ',7),
 (409,3,'絶対零度','敵ランダム',5,50,0,'2-4回攻撃',5,'与えるダメージアップ',10),
 (601,4,'ジオ','敵単体',4,120,0,'',6,'与えるダメージアップ',1),
 (602,4,'ジオンガ','敵単体',5,140,0,'',6,'与えるダメージアップ',6),
 (603,4,'ジオダイン','敵単体',6,160,0,'',6,'与えるダメージアップ',9),
 (604,4,'真理の雷','敵単体',7,180,0,'',6,'与えるダメージアップ',12),
 (605,4,'マハジオ','敵全体',5,80,0,'',5,'与えるダメージアップ',2),
 (606,4,'マハジオンガ','敵全体',6,100,0,'',5,'与えるダメージアップ',6),
 (607,4,'マハジオダイン','敵全体',7,120,0,'',5,'与えるダメージアップ',9),
 (608,4,'放電','敵ランダム',4,40,0,'2-4回攻撃',5,'与えるダメージアップ',7),
 (609,4,'ショックウェーブ','敵ランダム',5,50,0,'2-4回攻撃',5,'与えるダメージアップ',10),
 (610,4,'ミョルニル','敵ランダム',7,60,0,'4-5回攻撃',1,'-',0),
 (801,5,'ザン','敵単体',4,120,0,'',6,'与えるダメージアップ',1),
 (802,5,'ザンマ','敵単体',5,140,0,'',6,'与えるダメージアップ',6),
 (803,5,'殺風激','敵単体',7,180,0,'',6,'与えるダメージアップ',12),
 (804,5,'ザンダイン','敵単体',6,160,0,'',6,'与えるダメージアップ',9),
 (805,5,'マハザン','敵全体',5,80,0,'',5,'与えるダメージアップ',2),
 (806,5,'マハザンマ','敵全体',6,100,0,'',5,'与えるダメージアップ',6),
 (807,5,'マハザンダイン','敵全体',7,120,0,'',5,'与えるダメージアップ',9),
 (808,5,'ウィンドブレス','敵ランダム',4,40,0,'2-4回攻撃',5,'与えるダメージアップ',7),
 (809,5,'ツイスター','敵ランダム',5,50,0,'2-4回攻撃',5,'与えるダメージアップ',10),
 (810,5,'天叢雲剣','敵単体',7,205,0,'3ターン味方全体の攻撃力20%アップ',1,'-',0),
 (1001,6,'ハマ','敵単体',4,120,0,'',6,'与えるダメージアップ',1),
 (1002,6,'ハマオン','敵単体',5,140,0,'',6,'与えるダメージアップ',6),
 (1003,6,'ハマダイン','敵単体',6,160,0,'',6,'与えるダメージアップ',9),
 (1004,6,'裁きの雷火','敵単体',7,180,0,'',6,'与えるダメージアップ',12),
 (1005,6,'マハンマ','敵全体',5,80,0,'',5,'与えるダメージアップ',2),
 (1006,6,'マハンマオン','敵全体',6,100,0,'',5,'与えるダメージアップ',6),
 (1007,6,'マハンマダイン','敵全体',7,120,0,'',5,'与えるダメージアップ',9),
 (1008,6,'審判の光','敵ランダム',4,40,0,'2-4回攻撃',5,'与えるダメージアップ',7),
 (1009,6,'天罰','敵ランダム',5,50,0,'2-4回攻撃',5,'与えるダメージアップ',10),
 (1010,6,'ゴッドアロー','敵単体',7,200,1,'50%の確率で即死。ボス相手では即死が発生しない。',1,'-',0),
 (1201,7,'ムド','敵単体',4,120,0,'',6,'与えるダメージアップ',1),
 (1202,7,'ムドオン','敵単体',5,140,0,'',6,'与えるダメージアップ',6),
 (1203,7,'ムドダイン','敵単体',6,160,0,'',6,'与えるダメージアップ',9),
 (1204,7,'ヘルズアイ','敵単体',7,180,0,'',6,'与えるダメージアップ',12),
 (1205,7,'マハムド','敵全体',5,80,0,'',5,'与えるダメージアップ',2),
 (1206,7,'マハムドオン','敵全体',6,100,0,'',5,'与えるダメージアップ',6),
 (1207,7,'マハムドダイン','敵全体',7,120,0,'',5,'与えるダメージアップ',9),
 (1208,7,'イービルアイ','敵ランダム',4,40,0,'2-4回攻撃',5,'与えるダメージアップ',7),
 (1209,7,'煉獄','敵ランダム',5,50,0,'2-4回攻撃',5,'与えるダメージアップ',10),
 (1210,7,'死んでくれる？','敵単体',7,0,1,'ダメージ無し。100％野確率で即死、ボス相手では即死が発生しない。',1,'-',0),
 (1211,7,'肉体の解放','敵全体',7,90,0,'魅了付与25%',1,'-',0),
 (1212,7,'暴食の大罪','敵全体',7,130,0,'合計ダメージの50%分自身のHPを回復',1,'-',0),
 (1401,8,'吸血','敵単体',5,120,0,'ダメージの25%分自身のHPを回復',6,'確率でMP1返却',3),
 (1402,8,'デスタッチ','敵単体',6,140,0,'ダメージの40%分自身のHPを回復',6,'確率でMP1返却',6),
 (1403,8,'吸魔','敵単体',6,100,0,'MPを1奪う',6,'確率でMP1返却',3),
 (1404,8,'精神漏出','敵単体',5,80,0,'MPを3奪う',1,'-',6),
 (1405,8,'エナジードレイン','敵単体',7,100,0,'ダメージの25%分自身のHPを回復し、MPを1奪う',6,'確率でMP1返却',6),
 (1406,8,'ソウルドレイン','敵単体',8,140,0,'ダメージの40%分自身のHPを回復し、MPを1奪う',6,'確率でMP1返却',7),
 (1407,8,'メギド','敵全体',6,80,0,'',6,'与えるダメージアップ',5),
 (1408,8,'メギドラ','敵全体',7,100,0,'',6,'与えるダメージアップ',8),
 (1409,8,'メギドラオン','敵全体',8,120,0,'',6,'与えるダメージアップ',12),
 (1410,8,'ジャッジメント','敵全体',9,100,0,'3ターン味方全体の攻撃力20%アップ',1,'-',12),
 (1411,8,'混沌の海','敵全体',9,100,0,'3ターン敵全体の防御力20%ダウン',1,'-',12),
 (1412,8,'アポカリプス','敵全体',8,110,0,'魔封付与30%',1,'-',0),
 (1413,8,'明けの明星','敵全体',8,135,0,'',1,'-',0),
 (1414,8,'プララヤ','敵全体',8,125,0,'',1,'-',0),
 (1415,8,'魅了の神弓','敵単体',7,190,0,'魅了付与45%',1,'-',0),
 (1416,8,'シナイの神火','敵ランダム',7,45,0,'5回攻撃',1,'-',0),
 (1601,9,'ディア','味方単体',4,50,9,'',6,'回復量アップ',1),
 (1602,9,'ディアラ','味方単体',5,90,9,'',6,'回復量アップ',5),
 (1603,9,'ディアラマ','味方単体',6,130,9,'',6,'回復量アップ',8),
 (1604,9,'ディアラハン','味方単体',7,170,9,'',6,'回復量アップ',11),
 (1605,9,'メディア','味方全体',6,25,9,'',4,'回復量アップ',2),
 (1606,9,'メディラ','味方全体',7,60,9,'',4,'回復量アップ',5),
 (1607,9,'メディラマ','味方全体',8,95,9,'',4,'回復量アップ',8),
 (1608,9,'メディアラハン','味方全体',9,130,9,'',4,'回復量アップ',11),
 (1609,9,'メシアライザー','味方全体',10,95,3,'全状態異常回復',1,'-',15),
 (1610,9,'バロンダンス','味方全体',7,95,3,'3ターン味方全体の攻撃力・防御力・回避・命中20%アップ',1,'-',0),
 (1611,9,'リディア','味方単体',4,0,0,'3回行動するまで行動前にHPを回復する状態を付与',1,'-',8),
 (1612,9,'リカーム','味方単体',6,0,3,'HP10%で復活',1,'-',6),
 (1613,9,'サマリカーム','味方単体',8,0,1,'HP100%で復活',1,'-',8),
 (1614,9,'リカームドラ','味方全体',8,0,1,'味方全体をHP100%で復活、自身は死亡する',1,'-',10),
 (1801,10,'タルカジャ','味方全体',5,0,0,'3ターン攻撃力20%アップ',5,'確率でMP1返却',6),
 (1802,10,'ラクカジャ','味方全体',5,0,0,'3ターン防御力20%アップ',5,'確率でMP1返却',6),
 (1803,10,'スクカジャ','味方全体',5,0,0,'3ターン回避・命中20%アップ',5,'確率でMP1返却',6),
 (1804,10,'天孫降臨','味方全体',8,0,3,'6ターン攻撃力・防御力・回避・命中20%アップ',1,'-',0),
 (1805,10,'チャージ','自身',6,0,0,'次の物理攻撃ダメージを増加',1,'-',8),
 (1806,10,'コンセントレイト','自身',6,0,0,'次の魔法攻撃ダメージを増加',1,'-',8),
 (1807,10,'リベリオン','自身',6,0,0,'次の物理攻撃を必ずクリティカルにする',1,'-',8),
 (1808,10,'テトラカーン','味方全体',7,0,0,'1ターン物理攻撃反射状態を付与',1,'-',8),
 (1809,10,'マカラカーン','味方全体',7,0,0,'1ターン魔法攻撃反射状態を付与',1,'-',8),
 (1810,10,'バリア','味方単体',4,0,0,'3ターンバリア状態を付与',1,'-',8),
 (1811,10,'デクンダ','味方全体',5,0,0,'味方全体のステータス弱体化状態を解除',5,'確率でMP1返却',4),
 (1812,10,'反逆の魔象','自身',6,0,0,'次に与える打撃型ダメージを125%増加させ、攻撃が必ずクリティカルになる。',1,'-',8),
 (2001,11,'タルンダ','敵全体',5,0,0,'3ターン攻撃力20%ダウン',5,'確率でMP1返却',6),
 (2002,11,'ラクンダ','敵全体',5,0,0,'3ターン防御力20%ダウン',5,'確率でMP1返却',6),
 (2003,11,'スクンダ','敵全体',5,0,0,'3ターン回避・命中20%ダウン',5,'確率でMP1返却',6),
 (2004,11,'雄叫び','敵全体',6,0,0,'3ターン攻撃力・防御力20%ダウン',5,'確率でMP1返却',8),
 (2005,11,'フォッグブレス','敵全体',6,0,0,'3ターン攻撃力・回避・命中20%ダウン',5,'確率でMP1返却',8),
 (2006,11,'溶解ブレス','敵全体',6,0,0,'3ターン防御力・回避・命中20%ダウン',5,'確率でMP1返却',8),
 (2007,11,'ランダマイザ','敵全体',8,0,0,'3ターン攻撃力・防御力・回避・命中20%ダウン',1,'-',15),
 (2008,11,'デカジャ','敵全体',5,0,0,'敵全体のステータス強化状態を解除',5,'確率でMP1返却',4),
 (2009,11,'ディスコード','敵全体',3,0,0,'チャージ・コンセントレイト状態解除',1,'-',6),
 (2010,11,'リディアコワース','敵全体',3,0,0,'リディア状態解除',1,'-',6),
 (2011,11,'バリアコワース','敵全体',3,0,0,'バリア解除',1,'-',6),
 (2012,11,'テトラコワース','敵全体',3,0,0,'物理攻撃反射状態を解除',1,'-',6),
 (2013,11,'マカラコワース','敵全体',3,0,0,'魔法攻撃反射状態を解除',1,'-',6),
 (2201,12,'ポイズマ','敵単体',5,0,0,'40%の確率で敵単体に毒状態を付与',5,'状態異常付与率アップ',2),
 (2202,12,'ポイズマオン','敵単体',6,0,0,'50%の確率で敵単体に毒状態を付与',5,'状態異常付与率アップ',8),
 (2203,12,'マハポイズマ','敵全体',6,0,0,'30%の確率で敵全体に毒状態を付与',3,'状態異常付与率アップ',5),
 (2204,12,'マハポイズマオン','敵全体',7,0,0,'40%の確率で敵全体に毒状態を付与',3,'状態異常付与率アップ',9),
 (2205,12,'毒ガスブレス','敵ランダム',6,0,0,'2-4回ランダムに30%の確率で毒状態を付与',3,'状態異常付与率アップ',7),
 (2206,12,'シバブー','敵単体',5,0,0,'40%の確率で敵単体に緊縛状態を付与',5,'状態異常付与率アップ',2),
 (2207,12,'シバブオン','敵単体',6,0,0,'50%の確率で敵単体に緊縛状態を付与',5,'状態異常付与率アップ',8),
 (2208,12,'マハシバブー','敵全体',6,0,0,'30%の確率で敵全体に緊縛状態を付与',3,'状態異常付与率アップ',5),
 (2209,12,'マハシバブオン','敵全体',7,0,0,'40%の確率で敵全体に緊縛状態を付与',3,'状態異常付与率アップ',9),
 (2210,12,'バインドボイス','敵ランダム',6,0,0,'2-4回ランダムに30%の確率で緊縛状態を付与',3,'状態異常付与率アップ',7),
 (2211,12,'マリンカリン','敵単体',5,0,0,'40%の確率で敵単体に魅了状態を付与',5,'状態異常付与率アップ',2),
 (2212,12,'マリンカリオン','敵単体',6,0,0,'50%の確率で敵単体に魅了状態を付与',5,'状態異常付与率アップ',8),
 (2213,12,'マハマリンカリン','敵全体',6,0,0,'30%の確率で敵全体に魅了状態を付与',3,'状態異常付与率アップ',5),
 (2214,12,'マハマリンカリオン','敵全体',7,0,0,'40%の確率で敵全体に魅了状態を付与',3,'状態異常付与率アップ',9),
 (2215,12,'セクシーダンス','敵ランダム',6,0,0,'2-4回ランダムに30%の確率で魅了状態を付与',3,'状態異常付与率アップ',7),
 (2216,12,'マカジャマ','敵単体',5,0,0,'40%の確率で敵単体に魔封状態を付与',5,'状態異常付与率アップ',2),
 (2217,12,'マカジャマオン','敵単体',6,0,0,'50%の確率で敵単体に魔封状態を付与',5,'状態異常付与率アップ',8),
 (2218,12,'マハマカジャマ','敵全体',6,0,0,'30%の確率で敵全体に魔封状態を付与',3,'状態異常付与率アップ',5),
 (2219,12,'マハマカジャオン','敵全体',7,0,0,'40%の確率で敵全体に魔封状態を付与',3,'状態異常付与率アップ',9),
 (2220,12,'ホワイトノイズ','敵ランダム',6,0,0,'2-4回ランダムに30%の確率で魔封状態を付与',3,'付与確率3%アップ',7),
 (2221,12,'デゾレト','敵単体',5,0,0,'70%の確率で敵単体に虚弱状態を付与',1,'-',2),
 (2222,12,'デゾレトオン','敵単体',6,0,0,'80%の確率で敵単体に虚弱状態を付与',1,'-',8),
 (2223,12,'マハデゾレト','敵全体',6,0,0,'60%の確率で敵全体に虚弱状態を付与',1,'-',5),
 (2224,12,'マハデゾレトオン','敵全体',7,0,0,'70%の確率で敵全体に虚弱状態を付与',1,'-',9),
 (2225,12,'アウトブレイク','敵ランダム',6,0,0,'2-4回ランダムに30%の確率で虚弱状態を付与',1,'-',7),
 (2226,12,'ジュ','敵単体',5,0,0,'50%の確率で敵単体に呪い状態を付与',5,'状態異常付与率アップ',2),
 (2227,12,'ジュオン','敵単体',6,0,0,'60%の確率で敵単体に呪い状態を付与',5,'状態異常付与率アップ',8),
 (2228,12,'マハジュ','敵全体',6,0,0,'40%の確率で敵全体に呪い状態を付与',1,'-',5),
 (2229,12,'マハジュオン','敵全体',7,0,0,'50%の確率で敵全体に呪い状態を付与',1,'-',9),
 (2230,12,'祟り','敵ランダム',6,0,0,'2-4回ランダムに40%の確率で呪い状態を付与',1,'-',7),
 (2401,13,'ポズムディ','味方単体',3,0,0,'味方単体の毒状態を解除する',1,'-',1),
 (2402,13,'メポズムディ','味方全体',4,0,0,'味方全体の毒状態を解除する',1,'-',5),
 (2403,13,'パララディ','味方単体',3,0,0,'味方単体の緊縛状態を解除する',1,'-',1),
 (2404,13,'メパララディ','味方全体',4,0,0,'味方全体の緊縛状態を解除する',1,'-',5),
 (2405,13,'チャームディ','味方単体',3,0,0,'味方単体の魅了状態を解除する',1,'-',1),
 (2406,13,'メチャームディ','味方全体',4,0,0,'味方全体の魅了状態を解除する',1,'-',5),
 (2407,13,'クロズディ','味方単体',3,0,0,'味方単体の魔封状態を解除する',1,'-',1),
 (2408,13,'メクロズディ','味方全体',4,0,0,'味方全体の魔封状態を解除する',1,'-',5),
 (2409,13,'カースディ','味方単体',3,0,0,'味方単体の呪い状態を解除する',1,'-',1),
 (2410,13,'メカースディ','味方全体',4,0,0,'味方全体の呪い状態を解除する',1,'-',5),
 (2411,13,'ウィークディ','味方単体',3,0,0,'味方単体の虚弱状態を解除する',1,'-',1),
 (2412,13,'メウィークディ','味方全体',4,0,0,'味方全体の虚弱状態を解除する',1,'-',5),
 (2413,13,'アムリタ','味方単体',4,0,0,'味方単体のすべての状態異常を解除する',1,'-',3),
 (2414,13,'常世の祈り','味方全体',5,0,0,'味方全体のすべての状態異常を解除する',5,'-',8),
 (2415,13,'静寂の祈り','敵味方全体',7,0,0,'敵味方全体のすべての状態異常を解除する',1,'-',8),
 (2601,14,'物理耐性','自身',0,0,0,'物理耐性を得る',1,'-',12),
 (2602,14,'物理無効','自身',0,0,0,'物理無効を得る',1,'-',18),
 (2603,14,'物理吸収','自身',0,0,0,'物理吸収を得る',1,'-',30),
 (2604,14,'物理反射','自身',0,0,0,'物理反射を得る',1,'-',30),
 (2605,14,'火炎耐性','自身',0,0,0,'火炎耐性を得る',1,'-',8),
 (2606,14,'火炎無効','自身',0,0,0,'火炎無効を得る',1,'-',12),
 (2607,14,'火炎吸収','自身',0,0,0,'火炎吸収を得る',1,'-',20),
 (2608,14,'火炎反射','自身',0,0,0,'火炎反射を得る',1,'-',16),
 (2609,14,'氷結耐性','自身',0,0,0,'氷結耐性を得る',1,'-',8),
 (2610,14,'氷結無効','自身',0,0,0,'氷結無効を得る',1,'-',12),
 (2611,14,'氷結吸収','自身',0,0,0,'氷結吸収を得る',1,'-',20),
 (2612,14,'氷結反射','自身',0,0,0,'氷結反射を得る',1,'-',16),
 (2613,14,'電撃耐性','自身',0,0,0,'電撃耐性を得る',1,'-',8),
 (2614,14,'電撃無効','自身',0,0,0,'電撃無効を得る',1,'-',12),
 (2615,14,'電撃吸収','自身',0,0,0,'電撃吸収を得る',1,'-',20),
 (2616,14,'電撃反射','自身',0,0,0,'電撃反射を得る',1,'-',16),
 (2617,14,'衝撃耐性','自身',0,0,0,'衝撃耐性を得る',1,'-',8),
 (2618,14,'衝撃無効','自身',0,0,0,'衝撃無効を得る',1,'-',16),
 (2619,14,'衝撃吸収','自身',0,0,0,'衝撃吸収を得る',1,'-',20),
 (2620,14,'衝撃反射','自身',0,0,0,'衝撃反射を得る',1,'-',16),
 (2621,14,'破魔耐性','自身',0,0,0,'破魔耐性を得る',1,'-',8),
 (2622,14,'破魔無効','自身',0,0,0,'破魔無効を得る',1,'-',12),
 (2623,14,'破魔吸収','自身',0,0,0,'破魔吸収を得る',1,'-',20),
 (2624,14,'破魔反射','自身',0,0,0,'破魔反射を得る',1,'-',16),
 (2625,14,'呪殺耐性','自身',0,0,0,'呪殺耐性を得る',1,'-',8),
 (2626,14,'呪殺無効','自身',0,0,0,'呪殺無効を得る',1,'-',12),
 (2627,14,'呪殺吸収','自身',0,0,0,'呪殺吸収を得る',1,'-',20),
 (2628,14,'呪殺反射','自身',0,0,0,'呪殺反射を得る',1,'-',16),
 (2629,14,'毒耐性','自身',0,0,0,'毒になる確率が50%減少する',1,'-',4),
 (2630,14,'毒無効','自身',0,0,0,'毒無効を得る',1,'-',''),
 (2631,14,'虚弱耐性','自身',0,0,0,'虚弱になる確率が50%減少する',1,'-',4),
 (2632,14,'虚弱無効','自身',0,0,0,'虚弱無効を得る',1,'-',12),
 (2633,14,'魔封耐性','自身',0,0,0,'魔封になる確率が50%減少する',1,'-',4),
 (2634,14,'魔封無効','自身',0,0,0,'魔封無効を得る',1,'-',12),
 (2635,14,'魅了耐性','自身',0,0,0,'魅了になる確率が50%減少する',1,'-',4),
 (2636,14,'魅了無効','自身',0,0,0,'魅了無効を得る',1,'-',12),
 (2637,14,'緊縛耐性','自身',0,0,0,'緊縛になる確率が50%減少する',1,'-',4),
 (2638,14,'緊縛無効','自身',0,0,0,'緊縛無効を得る',1,'-',12),
 (2639,14,'呪い耐性','自身',0,0,0,'呪いになる確率が50%減少する',1,'-',4),
 (2640,14,'呪い無効','自身',0,0,0,'呪い無効を得る',1,'-',12),
 (2641,14,'地獄のマスク','自身',0,0,0,'状態異常になる確率が35%減少する',1,'-',8),
 (2642,14,'奈落のマスク','自身',0,0,0,'状態異常になる確率が60%減少する',1,'-',16),
 (2643,14,'マレビト','自身',0,0,0,'すべての状態異常にかからなくなる',1,'-',0),
 (2644,14,'反撃','自身',0,50,0,'50%の確率で威力50の反撃',1,'-',6),
 (2645,14,'猛反撃','自身',0,100,0,'50%の確率で威力100の反撃',1,'-',12),
 (2646,14,'デスカウンター','自身',0,150,0,'50%の確率で威力150の反撃',1,'-',18),
 (2647,14,'タルカオート','自身',0,0,0,'1ウェーブ目開始時、タルカジャが発動',1,'-',12),
 (2648,14,'ラクカオート','自身',0,0,0,'1ウェーブ目開始時、ラクカジャが発動',1,'-',12),
 (2649,14,'スクカオート','自身',0,0,0,'1ウェーブ目開始時、スクカジャが発動',1,'-',12),
 (2650,14,'テトラカシフト','自身',0,0,0,'後攻でバトルを開始するときテトラカーンが発動',1,'-',18),
 (2651,14,'マカラカシフト','自身',0,0,0,'後攻でバトルを開始するときマカラカーンが発動',1,'-',18),
 (2652,14,'威圧の構え','自身',0,0,0,'後攻でバトルを開始するとき敵のプレスターンアイコンを1減少',1,'-',21),
 (2653,14,'物理ブースタ','自身',0,0,0,'物理属性で与えるダメージが15%アップ',1,'-',6),
 (2654,14,'物理ハイブースタ','自身',0,0,0,'物理属性で与えるダメージが25%アップ',1,'-',21),
 (2655,14,'火炎ブースタ','自身',0,0,0,'火炎属性で与えるダメージが15%アップ',1,'-',6),
 (2656,14,'氷結ブースタ','自身',0,0,0,'氷結属性で与えるダメージが25%アップ',1,'-',6),
 (2657,14,'電撃ブースタ','自身',0,0,0,'電撃属性で与えるダメージが15%アップ',1,'-',6),
 (2658,14,'電撃ハイブースタ','自身',0,0,0,'電撃属性で与えるダメージが25%アップ',1,'-',21),
 (2659,14,'衝撃ブースタ','自身',0,0,0,'衝撃属性で与えるダメージが15%アップ',1,'-',6),
 (2660,14,'衝撃ハイブースタ','自身',0,0,0,'衝撃属性で与えるダメージが25%アップ',1,'-',21),
 (2661,14,'破魔ブースタ','自身',0,0,0,'破魔属性で与えるダメージが15%アップ',1,'-',6),
 (2662,14,'呪殺ブースタ','自身',0,0,0,'呪殺属性で与えるダメージが15%アップ',1,'-',6),
 (2663,14,'呪殺ハイブースタ','自身',0,0,0,'呪殺属性で与えるダメージが25%アップ',1,'-',21),
 (2664,14,'回復ブースタ','自身',0,0,0,'回復スキルの回復量が15%アップ',1,'-',6),
 (2665,14,'回復ハイブースタ','自身',0,0,0,'回復スキルの回復量が25%アップ',1,'-',21),
 (2666,14,'物理貫通','自身',0,0,0,'物理貫通を得る',1,'-',32),
 (2667,14,'火炎貫通','自身',0,0,0,'火炎貫通を得る',1,'-',32),
 (2668,14,'衝撃貫通','自身',0,0,0,'衝撃貫通を得る',1,'-',32),
 (2669,14,'電撃貫通','自身',0,0,0,'電撃貫通を得る',1,'-',32),
 (2670,14,'一分の活泉','自身',0,0,0,'最大HPが10%アップ',1,'-',3),
 (2671,14,'二分の活泉','自身',0,0,0,'最大HPが20%アップ',1,'-',7),
 (2672,14,'三分の活泉','自身',0,0,0,'最大HPが30%アップ',1,'-',15),
 (2673,14,'一分の魔脈','自身',0,0,0,'最大MPが1アップ',1,'-',8),
 (2674,14,'二分の魔脈','自身',0,0,0,'最大MPが2アップ',1,'-',15),
 (2675,14,'初段の剛力','自身',0,0,0,'力が5アップ',1,'-',3),
 (2676,14,'初段の賢魔','自身',0,0,0,'魔が5アップ',1,'-',3),
 (2677,14,'初段の恵体','自身',0,0,0,'体が5アップ',1,'-',3),
 (2678,14,'初段の猛速','自身',0,0,0,'速が5アップ',1,'-',3),
 (2679,14,'初段の強運','自身',0,0,0,'運が5アップ',1,'-',3),
 (2680,14,'二段の剛力','自身',0,0,0,'力が10アップ',1,'-',13),
 (2681,14,'二段の賢魔','自身',0,0,0,'魔が10アップ',1,'-',13),
 (2682,14,'二段の恵体','自身',0,0,0,'体が10アップ',1,'-',13),
 (2683,14,'二段の猛速','自身',0,0,0,'速が10アップ',1,'-',13),
 (2684,14,'二段の強運','自身',0,0,0,'運が10アップ',1,'-',13),
 (2685,14,'三段の剛力','自身',0,0,0,'力が15アップ',1,'-',32),
 (2686,14,'三段の賢魔','自身',0,0,0,'魔が15アップ',1,'-',32),
 (2687,14,'三段の恵体','自身',0,0,0,'体が15アップ',1,'-',32),
 (2688,14,'三段の猛速','自身',0,0,0,'速が15アップ',1,'-',32),
 (2689,14,'三段の強運','自身',0,0,0,'運が15アップ',1,'-',32),
 (2690,14,'勝利の息吹','自身',0,0,0,'ウェーブをまたぐときHPが30%回復する',1,'-',6),
 (2691,14,'勝利のチャクラ','自身',0,0,0,'ウェーブをまたぐときMPが10回復する',1,'-',12),
 (2692,14,'無限のチャクラ','自身',0,0,0,'MPの自然回復量が1増加する',1,'-',18),
 (2693,14,'食いしばり','自身',0,0,0,'自身が死亡するとき一度だけHP1で踏みとどまる',1,'-',6),
 (2694,14,'不屈の闘志','自身',0,0,0,'自身が死亡するとき一度だけHP200で踏みとどまる',1,'-',12),
 (2695,14,'アヴァターラ','自身',0,0,0,'自身が死亡するとき一度だけHP1で踏みとどまる。ウェーブをまたぐときHPが10%回復する',1,'-',0),
 (2696,14,'自然治癒','自身',0,0,0,'状態異常の自然回復率が20%アップ',1,'-',8),
 (2697,14,'超自然治癒','自身',0,0,0,'状態異常の自然回復率が30%アップ',1,'-',16),
 (2698,14,'見切り','自身',0,0,0,'物理回避率が10%アップ',1,'-',4),
 (2699,14,'寸分の見切り','自身',0,0,0,'物理回避率が20%アップ',1,'-',16),
 (2700,14,'乱れ狂い','自身',0,0,0,'状態異常にする確率が10%アップ',1,'-',8),
 (2701,14,'狂い咲き','自身',0,0,0,'状態異常にする確率が20%アップ',1,'-',24),
 (2702,14,'コロシの愉悦','自身',0,0,0,'クリティカル率が15%アップ',1,'-',8),
 (2703,14,'ミナゴロシの愉悦','自身',0,0,0,'クリティカル率が25%アップ',1,'-',14),
 (2704,14,'野生の勘','自身',0,0,0,'被クリティカル率が15%ダウン',1,'-',8),
 (2705,14,'野獣の勘','自身',0,0,0,'被クリティカル率が25%ダウン',1,'-',14),
 (2706,14,'暗殺者','自身',0,0,0,'単体攻撃スキルのダメージが10%アップ',1,'-',8),
 (2707,14,'虐殺者','自身',0,0,0,'全体攻撃スキルのダメージが10%アップ',1,'-',8),
 (2708,14,'大虐殺者','自身',0,0,0,'全体攻撃スキルのダメージが20%アップ',1,'-',24),
 (2709,14,'毒追撃','自身',0,0,0,'毒状態の敵に与えるダメージが30%アップ',1,'-',13),
 (2710,14,'緊縛追撃','自身',0,0,0,'緊縛状態の敵に与えるダメージが30%アップ',1,'',13),
 (2711,14,'魔封追撃','自身',0,0,0,'魔封状態の敵に与えるダメージが30%アップ',1,'-',13),
 (2712,14,'魅了追撃','自身',0,0,0,'魅了状態の敵に与えるダメージが30%アップ',1,'-',13),
 (2713,14,'追い打ち','自身',0,0,0,'敵の弱点をついたとき、ダメージがが10%アップ',1,'-',12),
 (2714,14,'無慈悲な一撃','自身',0,0,0,'敵の弱点をついたとき、ダメージがが20%アップ',1,'-',12),
 (2715,14,'狂戦士','自身',0,0,0,'敵に与えるダメージ10%アップ、自身が受けるダメージ20%アップ',1,'-',18),
 (2716,14,'百発百中','自身',0,0,0,'物理攻撃の命中率が10%アップ',1,'-',4),
 (2717,14,'千発千中','自身',0,0,0,'物理攻撃の命中率が20%アップ',1,'-',16),
 (2718,14,'スピードスター','自身',0,0,0,'悪魔のバトルスピードへの影響が50%アップ',1,'-',10),
 (2719,14,'ステルス','自身',0,0,0,'物理回避率20%アップ、食いしばり効果',1,'-',0),
 (2720,14,'武道の素養','自身',0,0,0,'物理ダメージ15%アップ、物理命中率15%アップ',1,'-',0),
 (2721,14,'トリックスター','自身',0,0,0,'敵の弱点をついたとき20%の確率でプレスターンを消費しない',1,'-',0),
 (2722,14,'月の加護','自身',0,0,0,'MPを消費するとき消費するMPが1減少',1,'-',0),
 (2723,14,'コウウン','味方全体',0,0,0,'バトルの悪魔の獲得経験値20%アップ、マッカ20%アップ',1,'-',0),
 (2724,14,'毒床歩き','味方全体',0,0,0,'アウラゲートの罠のダメージを25%減少',1,'-',2),
 (2725,14,'毒床渡り','味方全体',0,0,0,'アウラゲートの罠のダメージを50%減少',1,'-',4),
 (2726,14,'毒床無効','味方全体',0,0,0,'アウラゲートの罠のダメージを無効化',1,'-',8),
 (2727,14,'ダークゾーン無効','味方全体',0,0,0,'アウラゲートのダークゾーンを無効化',1,'-',8),
 (2728,14,'ワナフーリ','味方全体',0,0,0,'アウラゲートの罠のダメージを30%減少、ダークゾーンの効果を無効化',1,'-',0),
 (2729,14,'反貫の霊圧','味方全体',0,0,0,'このスキルを持っている悪魔が生きている間、味方全員の属性反射が貫通に対しても効果を発揮する。',1,'-',0),
 (2801,'その他','挑発','敵全体',5,0,0,'3ターン防御力20%ダウン、攻撃力20%アップ',5,'確率でMP1返却',8),
 (2802,'その他','バトンタッチ','自身',3,0,0,'プレスターンアイコンを消費せずにパスを行う',1,'-',6);
CREATE TABLE IF NOT EXISTS `SkillAttributeTable` (
	`AttributeID`	INTEGER NOT NULL,
	`Name`	TEXT,
	PRIMARY KEY(`AttributeID`)
);
INSERT INTO `SkillAttributeTable` VALUES (1,'物理'),
 (2,'火炎'),
 (3,'氷結'),
 (4,'雷撃'),
 (5,'衝撃'),
 (6,'破魔'),
 (7,'呪殺'),
 (8,'万能'),
 (9,'回復'),
 (10,'強化'),
 (11,'弱体化'),
 (12,'バッドステータス'),
 (13,'グッドステータス
'),
 (14,'パッシブ'),
 (15,'その他');
CREATE TABLE IF NOT EXISTS `ResistTable` (
	`ID`	INTEGER NOT NULL,
	`Name`	TEXT,
	PRIMARY KEY(`ID`)
);
INSERT INTO `ResistTable` VALUES (0,'弱'),
 (1,'-'),
 (2,'耐'),
 (3,'無'),
 (4,'吸'),
 (5,'反');
CREATE TABLE IF NOT EXISTS `DevilUnionTable` (
	`No`	INTEGER NOT NULL,
	`DevilBase`	TEXT,
	`DevilAdd`	TEXT,
	`DevilAfter`	TEXT,
	PRIMARY KEY(`No`)
);
INSERT INTO `DevilUnionTable` VALUES (1,'大天使','女神','魔神'),
 (2,'大天使','霊鳥','女神'),
 (3,'大天使','魔神','堕天使'),
 (4,'大天使','神獣','霊鳥'),
 (5,'大天使','聖獣','女神'),
 (6,'大天使','幻魔','妖獣'),
 (7,'大天使','破壊神','魔王'),
 (8,'大天使','地母神','魔神'),
 (9,'大天使','鬼神','破壊神'),
 (10,'大天使','天使','女神'),
 (11,'大天使','妖魔','妖鬼'),
 (12,'大天使','龍王','魔獣'),
 (13,'大天使','魔獣','魔神'),
 (14,'大天使','妖精','聖獣'),
 (15,'大天使','堕天使','地母神'),
 (16,'大天使','妖鬼','妖獣'),
 (17,'大天使','鬼女','女神'),
 (18,'大天使','夜魔','堕天使'),
 (19,'大天使','邪神','幽鬼'),
 (20,'大天使','妖獣','幽鬼'),
 (21,'大天使','外道','天使'),
 (22,'大天使','魔王','妖獣'),
 (23,'大天使','幽鬼','堕天使'),
 (24,'女神','霊鳥','魔神'),
 (25,'女神','魔神','幻魔'),
 (26,'女神','神獣','大天使'),
 (27,'女神','聖獣','大天使'),
 (28,'女神','幻魔','天使'),
 (29,'女神','破壊神','魔神'),
 (30,'女神','地母神','破壊神'),
 (31,'女神','鬼神','地母神'),
 (32,'女神','天使','大天使'),
 (33,'女神','妖魔','霊鳥'),
 (34,'女神','龍王','妖精'),
 (35,'女神','魔獣','幽鬼'),
 (36,'女神','妖精','幽鬼'),
 (37,'女神','堕天使','鬼女'),
 (38,'女神','妖鬼','鬼女'),
 (39,'女神','鬼女','妖精'),
 (40,'女神','夜魔','堕天使'),
 (41,'女神','邪神','破壊神'),
 (42,'女神','妖獣','聖獣'),
 (43,'女神','外道','堕天使'),
 (44,'女神','魔王','幽鬼'),
 (45,'女神','幽鬼','破壊神'),
 (46,'霊鳥','魔神','女神'),
 (47,'霊鳥','神獣','聖獣'),
 (48,'霊鳥','聖獣','地母神'),
 (49,'霊鳥','幻魔','女神'),
 (50,'霊鳥','破壊神','鬼神'),
 (51,'霊鳥','地母神','破壊神'),
 (52,'霊鳥','鬼神','地母神'),
 (53,'霊鳥','天使','龍王'),
 (54,'霊鳥','妖魔','夜魔'),
 (55,'霊鳥','龍王','鬼神'),
 (56,'霊鳥','魔獣','鬼女'),
 (57,'霊鳥','妖精','夜魔'),
 (58,'霊鳥','堕天使','龍王'),
 (59,'霊鳥','妖鬼','鬼神'),
 (60,'霊鳥','鬼女','妖鬼'),
 (61,'霊鳥','夜魔','鬼女'),
 (62,'霊鳥','邪神','妖魔'),
 (63,'霊鳥','妖獣','神獣'),
 (64,'霊鳥','外道','妖獣'),
 (65,'霊鳥','魔王','妖精'),
 (66,'霊鳥','幽鬼','魔獣'),
 (67,'魔神','神獣','大天使'),
 (68,'魔神','聖獣','神獣'),
 (69,'魔神','幻魔','魔王'),
 (70,'魔神','破壊神','魔王'),
 (71,'魔神','地母神','女神'),
 (72,'魔神','鬼神','破壊神'),
 (73,'魔神','天使','破壊神'),
 (74,'魔神','妖魔','幻魔'),
 (75,'魔神','龍王','破壊神'),
 (76,'魔神','魔獣','神獣'),
 (77,'魔神','妖精','夜魔'),
 (78,'魔神','堕天使','破壊神'),
 (79,'魔神','妖鬼','鬼神'),
 (80,'魔神','鬼女','地母神'),
 (81,'魔神','夜魔','妖獣'),
 (82,'魔神','邪神','神獣'),
 (83,'魔神','妖獣','夜魔'),
 (84,'魔神','外道','鬼神'),
 (85,'魔神','魔王','破壊神'),
 (86,'魔神','幽鬼','幻魔'),
 (87,'神獣','聖獣','女神'),
 (88,'神獣','幻魔','鬼神'),
 (89,'神獣','破壊神','聖獣'),
 (90,'神獣','地母神','幻魔'),
 (91,'神獣','鬼神','聖獣'),
 (92,'神獣','天使','霊鳥'),
 (93,'神獣','妖魔','妖精'),
 (94,'神獣','龍王','魔獣'),
 (95,'神獣','魔獣','霊鳥'),
 (96,'神獣','妖精','天使'),
 (97,'神獣','堕天使','天使'),
 (98,'神獣','妖鬼','鬼神'),
 (99,'神獣','鬼女','女神'),
 (100,'神獣','夜魔','聖獣'),
 (101,'神獣','邪神','魔神'),
 (102,'神獣','妖獣','魔獣'),
 (103,'神獣','外道','幻魔'),
 (104,'神獣','魔王','幻魔'),
 (105,'神獣','幽鬼','天使'),
 (106,'聖獣','幻魔','妖魔'),
 (107,'聖獣','破壊神','鬼神'),
 (108,'聖獣','地母神','神獣'),
 (109,'聖獣','鬼神','地母神'),
 (110,'聖獣','天使','大天使'),
 (111,'聖獣','妖魔','天使'),
 (112,'聖獣','龍王','鬼神'),
 (113,'聖獣','魔獣','神獣'),
 (114,'聖獣','妖精','龍王'),
 (115,'聖獣','堕天使','大天使'),
 (116,'聖獣','妖鬼','鬼女'),
 (117,'聖獣','鬼女','霊鳥'),
 (118,'聖獣','夜魔','妖精'),
 (119,'聖獣','邪神','妖魔'),
 (120,'聖獣','妖獣','妖鬼'),
 (121,'聖獣','外道','神獣'),
 (122,'聖獣','魔王','魔獣'),
 (123,'聖獣','幽鬼','天使'),
 (124,'幻魔','破壊神','地母神'),
 (125,'幻魔','地母神','女神'),
 (126,'幻魔','鬼神','妖魔'),
 (127,'幻魔','天使','聖獣'),
 (128,'幻魔','妖魔','龍王'),
 (129,'幻魔','龍王','神獣'),
 (130,'幻魔','魔獣','妖精'),
 (131,'幻魔','妖精','龍王'),
 (132,'幻魔','堕天使','妖魔'),
 (133,'幻魔','妖鬼','魔獣'),
 (134,'幻魔','鬼女','夜魔'),
 (135,'幻魔','夜魔','聖獣'),
 (136,'幻魔','邪神','堕天使'),
 (137,'幻魔','妖獣','妖魔'),
 (138,'幻魔','外道','龍王'),
 (139,'幻魔','魔王','妖魔'),
 (140,'幻魔','幽鬼','鬼女'),
 (141,'破壊神','地母神','幻魔'),
 (142,'破壊神','鬼神','地母神'),
 (143,'破壊神','天使','邪神'),
 (144,'破壊神','妖魔','聖獣'),
 (145,'破壊神','龍王','魔王'),
 (146,'破壊神','魔獣','神獣'),
 (147,'破壊神','妖精','妖鬼'),
 (148,'破壊神','堕天使','魔王'),
 (149,'破壊神','妖鬼','地母神'),
 (150,'破壊神','鬼女','地母神'),
 (151,'破壊神','夜魔','外道'),
 (152,'破壊神','邪神','魔王'),
 (153,'破壊神','妖獣','幽鬼'),
 (154,'破壊神','外道','妖魔'),
 (155,'破壊神','魔王','龍王'),
 (156,'破壊神','幽鬼','魔獣'),
 (157,'地母神','鬼神','魔王'),
 (158,'地母神','天使','破壊神'),
 (159,'地母神','妖魔','幻魔'),
 (160,'地母神','龍王','鬼女'),
 (161,'地母神','魔獣','鬼女'),
 (162,'地母神','妖精','外道'),
 (163,'地母神','堕天使','夜魔'),
 (164,'地母神','妖鬼','破壊神'),
 (165,'地母神','鬼女','女神'),
 (166,'地母神','夜魔','鬼神'),
 (167,'地母神','邪神','幻魔'),
 (168,'地母神','妖獣','幽鬼'),
 (169,'地母神','外道','邪神'),
 (170,'地母神','魔王','幻魔'),
 (171,'地母神','幽鬼','妖獣'),
 (172,'鬼神','天使','夜魔'),
 (173,'鬼神','妖魔','鬼女'),
 (174,'鬼神','龍王','鬼女'),
 (175,'鬼神','魔獣','聖獣'),
 (176,'鬼神','妖精','妖鬼'),
 (177,'鬼神','堕天使','魔獣'),
 (178,'鬼神','妖鬼','魔神'),
 (179,'鬼神','鬼女','地母神'),
 (180,'鬼神','夜魔','鬼女'),
 (181,'鬼神','邪神','幻魔'),
 (182,'鬼神','妖獣','幻魔'),
 (183,'鬼神','外道','妖精'),
 (184,'鬼神','魔王','幽鬼'),
 (185,'鬼神','幽鬼','龍王'),
 (186,'天使','妖魔','妖精'),
 (187,'天使','龍王','妖精'),
 (188,'天使','魔獣','堕天使'),
 (189,'天使','妖精','聖獣'),
 (190,'天使','堕天使','女神'),
 (191,'天使','妖鬼','妖魔'),
 (192,'天使','鬼女','外道'),
 (193,'天使','夜魔','龍王'),
 (194,'天使','邪神','堕天使'),
 (195,'天使','妖獣','妖精'),
 (196,'天使','外道','堕天使'),
 (197,'天使','魔王','邪神'),
 (198,'天使','幽鬼','妖魔'),
 (199,'妖魔','龍王','夜魔'),
 (200,'妖魔','魔獣','堕天使'),
 (201,'妖魔','妖精','聖獣'),
 (202,'妖魔','堕天使','幻魔'),
 (203,'妖魔','妖鬼','鬼女'),
 (204,'妖魔','鬼女','妖鬼'),
 (205,'妖魔','夜魔','神獣'),
 (206,'妖魔','邪神','妖獣'),
 (207,'妖魔','妖獣','霊鳥'),
 (208,'妖魔','外道','龍王'),
 (209,'妖魔','魔王','霊鳥'),
 (210,'妖魔','幽鬼','妖獣'),
 (211,'龍王','魔獣','妖鬼'),
 (212,'龍王','妖精','霊鳥'),
 (213,'龍王','堕天使','魔獣'),
 (214,'龍王','妖鬼','魔獣'),
 (215,'龍王','鬼女','鬼神'),
 (216,'龍王','夜魔','妖精'),
 (217,'龍王','邪神','鬼神'),
 (218,'龍王','妖獣','霊鳥'),
 (219,'龍王','外道','天使'),
 (220,'龍王','魔王','鬼神'),
 (221,'龍王','幽鬼','妖鬼'),
 (222,'魔獣','妖精','霊鳥'),
 (223,'魔獣','堕天使','魔神'),
 (224,'魔獣','妖鬼','堕天使'),
 (225,'魔獣','鬼女','外道'),
 (226,'魔獣','夜魔','妖精'),
 (227,'魔獣','邪神','魔神'),
 (228,'魔獣','妖獣','邪神'),
 (229,'魔獣','外道','妖獣'),
 (230,'魔獣','魔王','邪神'),
 (231,'魔獣','幽鬼','妖獣'),
 (232,'妖精','堕天使','天使'),
 (233,'妖精','妖鬼','夜魔'),
 (234,'妖精','鬼女','女神'),
 (235,'妖精','夜魔','天使'),
 (236,'妖精','邪神','妖鬼'),
 (237,'妖精','妖獣','外道'),
 (238,'妖精','外道','幽鬼'),
 (239,'妖精','魔王','夜魔'),
 (240,'妖精','幽鬼','聖獣'),
 (241,'堕天使','妖鬼','龍王'),
 (242,'堕天使','鬼女','妖獣'),
 (243,'堕天使','夜魔','魔神'),
 (244,'堕天使','邪神','妖鬼'),
 (245,'堕天使','妖獣','夜魔'),
 (246,'堕天使','外道','幻魔'),
 (247,'堕天使','魔王','破壊神'),
 (248,'堕天使','幽鬼','妖鬼'),
 (249,'妖鬼','鬼女','天使'),
 (250,'妖鬼','夜魔','霊鳥'),
 (251,'妖鬼','邪神','幽鬼'),
 (252,'妖鬼','妖獣','妖精'),
 (253,'妖鬼','外道','妖獣'),
 (254,'妖鬼','魔王','幽鬼'),
 (255,'妖鬼','幽鬼','外道'),
 (256,'鬼女','夜魔','天使'),
 (257,'鬼女','邪神','妖鬼'),
 (258,'鬼女','妖獣','堕天使'),
 (259,'鬼女','外道','妖獣'),
 (260,'鬼女','魔王','地母神'),
 (261,'鬼女','幽鬼','外道'),
 (262,'夜魔','邪神','霊鳥'),
 (263,'夜魔','妖獣','魔獣'),
 (264,'夜魔','外道','妖魔'),
 (265,'夜魔','魔王','地母神'),
 (266,'夜魔','幽鬼','鬼女'),
 (267,'邪神','妖獣','神獣'),
 (268,'邪神','外道','幽鬼'),
 (269,'邪神','魔王','幽鬼'),
 (270,'邪神','幽鬼','外道'),
 (271,'妖獣','外道','魔獣'),
 (272,'妖獣','魔王','夜魔'),
 (273,'妖獣','幽鬼','夜魔'),
 (274,'外道','魔王','龍王'),
 (275,'外道','幽鬼','妖鬼'),
 (276,'魔王','幽鬼','魔獣');
CREATE TABLE IF NOT EXISTS `DevilTable` (
	`No`	INTEGER UNIQUE,
	`Grade`	INTEGER,
	`Reality`	INTEGER,
	`TribeID`	INTEGER,
	`TribeName`	TEXT,
	`Name`	TEXT,
	`AI`	INTEGER,
	`HP`	INTEGER,
	`Power`	INTEGER,
	`Magic`	INTEGER,
	`Physical`	INTEGER,
	`Speed`	INTEGER,
	`Luck`	INTEGER,
	`PhysicsRegist`	INTEGER,
	`FireRegist`	INTEGER,
	`IceRegist`	INTEGER,
	`ShockRegist`	INTEGER,
	`ImpactRegist`	INTEGER,
	`HamaRegist`	INTEGER,
	`CurseRegist`	INTEGER,
	`Skill1`	TEXT,
	`Skill2`	TEXT,
	`Skill3`	TEXT,
	`Skill4`	TEXT,
	`Skill4Rough`	TEXT,
	`Skill4Protection`	TEXT,
	`Skill4Unusual`	TEXT,
	`Skill4Defense`	TEXT,
	`Skill5Rough`	TEXT,
	`Skill5Protection`	TEXT,
	`Skill5Unusual`	TEXT,
	`Skill5Defense`	TEXT,
	PRIMARY KEY(`No`)
);
INSERT INTO `DevilTable` VALUES (1,43,3,1,'大天使','ライラ',0,68,12,22,13,12,17,1,1,1,0,2,3,0,'メディラ','破魔ブースタ','マハンマオン','マカジャマオン','ハマダイン','リカーム','勝利の息吹','電撃耐性','ザン','マハザン','ヒートウェイブ','ブフ'),
 (2,61,4,1,'大天使','サンダルフォン',0,96,18,20,19,19,14,2,1,1,2,1,5,3,'ハマダイン','ザンダイン','スクカオート','アムリタ','マハンマオン','サマリカーム','野獣の勘','衝撃耐性','ムドオン','反撃','ラクンダ','メガトンプレス'),
 (3,67,4,1,'大天使','アズラエル',2,106,10,24,21,16,19,2,2,0,1,1,5,2,'テトラカーン','イービルアイ','アギダイン','マカラカーン','ムドダイン','祟り','マカラカシフト','呪殺無効','甘噛み','デクンダ','野獣の勘','審判の光'),
 (4,90,5,1,'大天使','ミカエル',0,96,25,25,19,22,15,1,1,3,3,1,5,0,'勝利の息吹','天罰','メギドラオン','食いしばり','裁きの雷火','メディアラハン','地獄のマスク','呪殺反射','ティタノマキア','火炎耐性','ジオダイン','刹那五月雨撃ち'),
 (5,99,5,1,'大天使','メタトロン',0,110,24,26,22,18,17,1,2,2,2,2,3,1,'天罰','無限のチャクラ','シナイの神火','不屈の闘志','マハンマダイン','メシアライザー','二分の魔脈','電撃反射','吸魔','マハポイズマ','マハジオダイン','マハラギダイン'),
 (6,27,2,2,'女神','ハトホル',1,87,11,13,17,16,11,0,1,2,1,2,2,1,'アムリタ','ザン','ジオンガ','メポズムディ','マハジオ','メチャームディ','一分の魔脈','衝撃無効','','','',''),
 (7,44,3,2,'女神','アリアンロッド',0,54,20,16,10,18,10,2,1,1,1,1,2,1,'ハマオン','メディア','怪力乱神','ディアラ','刹那五月雨撃ち','リディアコワース','千発千中','氷結無効','マハジオ','チャームディ','初段の恵体','クロズディ'),
 (8,50,3,2,'女神','スカアハ',0,73,21,12,14,16,17,1,1,1,0,3,2,1,'ザンマ','冥界破','ウィンドブレス','二分の活泉','狂乱の剛爪','ディアラマ','地獄のマスク','電撃耐性','ブフ','反撃','自然治癒','暴れまくり'),
 (9,62,4,2,'女神','パラスアテナ',0,73,23,10,14,20,22,2,1,1,1,1,3,0,'衝撃耐性','刹那五月雨撃ち','天罰','マカラカーン','モータルジハード','ディアラハン','勝利のチャクラ','火炎無効','五月雨斬り','静寂の祈り','毒針','ツイスター'),
 (10,69,4,2,'女神','サラスヴァティ',2,106,10,24,21,16,19,1,0,3,1,1,1,0,'マハブフーラ','バリア','静寂の祈り','ブフダイン','絶対零度','メディラマ','追い打ち','氷結反射','メチャームディ','呪い耐性','ミナゴロシの愉悦','イービルアイ'),
 (11,82,5,2,'女神','イシュタル',2,96,16,32,19,13,22,1,1,1,3,0,3,0,'マハンマオン','ディアラハン','ジャッジメント','サマリカーム','裁きの雷火','コンセントレイト','テトラカシフト','衝撃無効','ゴッドハンド','毒床渡り','デクンダ','アギラオ'),
 (12,85,5,2,'女神','ラクシュミ',2,82,13,32,16,20,22,1,1,1,1,0,2,3,'ディアラハン','ツイスター','セクシーダンス','二分の魔脈','殺風激','マカラカーン','狂い咲き','衝撃無効','甘噛み','ジオダイン','虚弱無効','毒針'),
 (13,49,3,3,'魔神','ホルス',2,73,11,17,14,23,10,2,1,1,1,1,5,0,'ディアラマ','デクンダ','マハンマ','二分の魔脈','ハマダイン','アムリタ','破魔ブースタ','電撃無効','カースディ','パララディ','マハラギ','カースディ'),
 (14,55,3,3,'魔神','ミトラ',1,92,18,17,18,14,13,5,1,0,1,1,2,2,'マハジュ','バリアコワース','イービルアイ','メギド','マハンマオン','フォッグブレス','狂い咲き','衝撃耐性','メディア','ディア','マハジオ','初段の恵体'),
 (15,67,4,3,'魔神','プロメテウス',0,73,20,27,14,10,17,1,3,0,1,1,2,1,'火炎ブースタ','マカラカシフト','アギダイン','三段の恵体','マハラギダイン','リカームドラ','無限のチャクラ','火炎吸収','電撃耐性','マハザンマ','乱れ狂い','毒耐性'),
 (16,73,4,3,'魔神','オーディン',0,87,22,20,17,16,15,1,1,1,5,0,2,2,'氷結耐性','ショックウェーブ','グングニル','無慈悲な一撃','メガトンレイド','タルカジャ','千発千中','呪殺無効','イービルアイ','マハラギ','ブフーラ','ポズムディ'),
 (17,82,5,3,'魔神','アマテラス',2,82,12,28,22,18,22,1,5,1,0,1,2,1,'マハラギオン','タルンダ','天孫降臨','スクカオート','トリスアギオン','メディアラハン','三段の賢魔','衝撃無効','ジュオン','魅了無効','ラクカジャ','スクンダ'),
 (18,97,5,3,'魔神','ヴィシュヌ',0,101,21,28,20,17,21,1,0,4,1,1,3,3,'ブフダイン','天罰','アヴァターラ','ムドダイン','メギドラオン','常世の祈り','虚弱無効','呪殺反射','モータルジハード','魔封耐性','ウィンドブレス','ハマオン'),
 (19,33,2,4,'神獣','シーサー',2,33,15,9,13,16,15,1,2,1,1,2,2,1,'シバブー','ザン','ウィンドブレス','バインドクロ―','マハザン','バリアコワース','緊縛追撃','氷結耐性','','','',''),
 (20,41,3,4,'神獣','マカミ',1,73,13,13,14,19,17,1,1,1,1,1,2,0,'メパララディ','緊縛無効','ディアラマ','アムリタ','怪力乱神','サマリカーム','回復ブースタ','電撃無効','パララディ','マハザン','ディア','アギ'),
 (21,49,3,4,'神獣','キマイラ',0,77,20,8,15,17,15,1,2,1,2,0,1,1,'マカラコワース','ジオンガ','狂乱の剛爪','怪力乱神','マハジオンガ','雄叫び','猛反撃','衝撃耐性','パララディ','マハンマ','メディア','自然治癒'),
 (22,70,4,4,'神獣','アヌビス',0,82,10,26,16,10,23,1,1,1,1,1,3,2,'呪殺ブースタ','ムドダイン','審判の光','デクンダ','煉獄','テトラカーン','無慈悲な一撃','呪殺無効','吸魔','ポイズマ','ディア','アギラオ'),
 (23,84,5,4,'神獣','バロン',2,96,22,15,19,24,23,2,1,1,3,0,3,0,'マハジオンガ','ショックウェーブ','バロンダンス','食いしばり','真理の雷','リカームドラ','電撃ハイブースタ','呪殺無効','ブフダイン','マハシバブー','二段の恵体','マカジャマ'),
 (24,27,2,5,'聖獣','ヘケト',1,68,14,14,13,15,12,1,1,1,2,0,1,1,'メディア','マハジオ','メポズムディ','ジオンガ','放電','デクンダ','二分の活泉','火炎耐性','','','',''),
 (25,42,3,5,'聖獣','ユニコーン',1,87,15,20,17,11,11,1,1,1,0,1,3,3,'メチャームディ','魅了無効','マハザン','ブフダイン','絶対零度','メクロズディ','虐殺者','氷結耐性','アギ','初段の賢魔','カースディ','なぎ払い'),
 (26,44,3,5,'聖獣','アピス',2,82,20,9,16,12,17,1,1,1,1,1,2,0,'タルカジャ','マハンマ','マカラカシフト','メディラ','捨て身の一撃','ディスコード','三分の活泉','呪殺耐性','アギ','ポイズマオン','メディア','クロズディ'),
 (27,48,3,5,'聖獣','ビャッコ',0,68,20,16,13,14,12,1,1,1,3,0,1,1,'スクンダ','ジオンガ','電撃ブースタ','狂乱の剛爪','マハジオンガ','コンセントレイト','威圧の構え','物理耐性','乱れ狂い','マハブフ','精神漏出','毒床歩き'),
 (28,62,4,5,'聖獣','スレイプニル',0,73,13,20,14,20,21,1,0,1,1,1,2,1,'破魔ブースタ','マハンマオン','スピードスター','サマリカーム','ハマダイン','ディアラハン','三段の猛速','破魔無効','ファイアブレス','暴飲暴食','ツイスター','マハシバブオン'),
 (29,76,4,5,'聖獣','スフィンクス',2,92,11,25,19,17,19,1,3,0,1,1,5,0,'バリア','テトラカシフト','マハンマオン','モータルジハード','ジオダイン','メディアラハン','ラクカオート','氷結無効','ジュ','メガトンプレス','氷結耐性','イービルアイ'),
 (30,27,2,6,'幻魔','クラマテング',0,63,11,14,12,17,14,1,1,1,0,3,1,1,'スクカジャ','ハマ','マハザン','マハンマ','ザンマ','スクンダ','毒床渡り','火炎耐性','','','',''),
 (31,40,3,6,'幻魔','タム・リン',0,73,21,10,14,14,16,1,1,1,1,1,2,0,'自然治癒','ウィンドブレス','暗夜剣','ハマダイン','デスバウンド','メディラ','テトラカシフト','火炎耐性','マハザン','マハラギ','突撃','スラッシュ'),
 (32,49,3,6,'幻魔','クルースニク',0,77,13,16,15,16,13,1,1,1,1,0,3,1,'スクンダ','電撃無効','審判の光','勝利のチャクラ','五月雨斬り','リベリオン','無慈悲な一撃','呪殺無効','初段の恵体','マハムド','猛反撃','百発百中'),
 (33,60,4,6,'幻魔','ハヌマーン',0,77,27,11,15,17,19,1,1,1,0,3,1,1,'物理耐性','空間殺法','マハザンマ','狂乱の剛爪','ザンダイン','挑発','猛反撃','衝撃反射','初段の恵体','イービルアイ','審判の光','虚弱耐性'),
 (34,67,4,6,'幻魔','ツクヨミ',2,82,16,26,16,9,18,0,3,3,2,2,1,1,'一分の魔脈','ザンマ','月の加護','マハザン','ムドオン','リカーム','二分の活泉','火炎吸収','スクカジャ','自然治癒','ハマオン','ジオンガ'),
 (35,81,5,6,'幻魔','クー・フーリン',0,101,27,25,20,16,14,2,1,1,1,3,1,1,'ミナゴロシの愉悦','マハザンダイン','ゲイボルグ','リベリオン','殺風激','リカームドラ','衝撃貫通','呪殺反射','メギドラ','マカジャマ','デスバウンド','アイスエイジ'),
 (36,44,3,7,'破壊神','アレス',0,63,23,11,12,14,16,1,1,1,1,1,2,0,'金剛発破','反撃','地獄の業火','デクンダ','怪力乱神','チャージ','コロシの愉悦','物理耐性','地獄のマスク','セクシーダンス','シバブオン','暴れまくり'),
 (37,61,4,7,'破壊神','セイテンタイセイ',0,73,28,11,14,16,20,2,2,1,0,2,2,0,'物理ブースタ','挑発','鬼神楽','チャージ','ティタノマキア','アウトブレイク','三段の恵体','物理無効','裁きの雷火','ヘルズアイ','マハラギ','毒追撃'),
 (38,69,4,7,'破壊神','ホクトセイクン',0,96,11,23,19,20,19,1,0,3,1,1,2,1,'氷結ブースタ','ブフダイン','絶対零度','リカーム','マハブフダイン','バリア','呪い無効','氷結反射','破魔耐性','マハザン','ブフ','乱れ狂い'),
 (39,82,5,7,'破壊神','スサノオ',0,92,31,15,19,18,20,2,0,1,1,4,1,1,'暗殺者','モータルジハード','天叢雲剣','三段の剛力','殺風激','チャージ','無慈悲な一撃','電撃吸収','ディアラハン','地獄の業火','フォッグブレス','ハマダイン'),
 (40,93,5,7,'破壊神','シヴァ',0,96,30,13,19,22,21,2,4,0,4,1,1,1,'虐殺者','空間殺法','プララヤ','魅了無効','ゴッドハンド','リベリオン','寸分の見切り','氷結吸収','デゾレトオン','アイスブレス','ブフーラ','マハポイズマ'),
 (41,40,3,8,'地母神','ペレ',1,110,9,20,22,10,14,1,2,0,1,1,1,1,'メポズムディ','アギラオ','毒無効','ディアラ','マハラギオン','リカーム','二段の強運','物理耐性','メウィークディ','マハザン','毒床歩き','初段の賢魔'),
 (42,47,3,8,'地母神','クシナダヒメ',1,77,8,20,15,17,15,1,1,1,1,1,2,0,'ディアラ','回復ブースタ','マハンマ','メディア','ハマオン','リディア','自然治癒','破魔無効','ムド','マハラギ','メパララディ','ジオ'),
 (43,54,3,8,'地母神','イシス',2,82,12,17,16,19,17,1,2,1,3,1,1,1,'サマリカーム','ザンダイン','マハマカジャマ','二分の魔脈','マハザン','メウィークディ','追い打ち','衝撃無効','初段の剛力','百発百中','メチャームディ','ザン'),
 (44,60,4,8,'地母神','キクリヒメ',1,92,11,24,18,17,18,1,1,1,0,3,1,0,'リディア','マハラギオン','マリンカリオン','二段の恵体','アギダイン','ディアラマ','テトラカシフト','呪殺耐性','火炎耐性','マハポイズマオン','捨て身の一撃','ラクカジャ'),
 (45,67,4,8,'地母神','スカディ',2,92,11,25,18,17,20,1,0,4,1,1,1,1,'マハマカジャマ','魔封追撃','マハムドオン','二段の強運','絶対零度','マカラコワース','狂い咲き','火炎耐性','放電','二段の剛力','メディラ','電撃耐性'),
 (46,83,5,8,'地母神','アシェラト',1,134,16,25,27,16,19,1,3,0,1,3,1,0,'メディラマ','サマリカーム','マハラギオン','混沌の海','トリスアギオン','静寂の祈り','回復ハイブースタ','氷結反射','審判の光','地獄のマスク','二段の強運','緊縛追撃'),
 (47,27,2,9,'鬼神','タケミナカタ',0,87,18,7,17,12,13,1,0,1,2,1,1,1,'反撃','ジオンガ','鬼神楽','電撃ブースタ','放電','メパララディ','一分の魔脈','呪殺耐性','','','',''),
 (48,41,3,9,'鬼神','ゾウチョウテン',0,68,17,21,13,12,13,1,3,0,1,1,2,1,'ラクカジャ','金剛発破','アギラオ','チャージ','ファイアブレス','挑発','毒床無効','呪殺耐性','地獄のマスク','初段の剛力','メチャームディ','メチャームディ'),
 (49,50,3,9,'鬼神','コウモクテン',0,77,23,14,15,13,15,1,1,1,3,0,2,1,'ジオンガ','テトラコワース','冥界破','メガトンプレス','ジオダイン','スクカジャ','反撃','物理耐性','初段の強運','マハブフ','コロシの愉悦','ブフ'),
 (50,62,4,9,'鬼神','ジコクテン',0,92,22,14,18,18,16,1,1,1,0,3,2,1,'マハザンマ','冥界破','食いしばり','ザンダイン','メガトンレイド','マハシバブオン','三分の活泉','火炎無効','バインドクロー','メディアラハン','ホワイトノイズ','吸血'),
 (51,70,4,9,'鬼神','ビシャモンテン',0,106,25,11,21,15,17,1,0,3,1,1,1,1,'破魔耐性','ブフダイン','怪力乱神','ディスコード','冥界破','ディスコード','追い打ち','呪殺耐性','エナジードレイン','マカジャマオン','メチャームディ','衝撃耐性'),
 (52,75,4,9,'鬼神','ショウキ',0,73,30,12,14,14,23,1,2,1,1,0,2,1,'地獄のマスク','タルカオート','鬼神楽','魔封無効','メガトンレイド','デゾレトオン','威圧の構え','物理耐性','マハムドダイン','毒床渡り','魔封追撃','マハンマオン'),
 (53,83,5,9,'鬼神','トール',0,115,27,20,23,19,12,2,3,1,4,0,2,1,'メガトンレイド','チャージ','ミョルニル','マハジオダイン','ギガントマキア','リベリオン','電撃貫通','火炎反射','マハンマダイン','マハマリンカリオン','イービルアイ','マハマリンカリン'),
 (54,20,2,10,'天使','エンジェル',1,77,8,18,15,12,13,1,1,1,1,1,3,0,'ハマ','マハンマ','ディアラ','ラクカジャ','審判の光','チャームディ','魔封無効','電撃耐性','','','',''),
 (55,25,2,10,'天使','アークエンジェル',0,73,16,14,14,10,13,1,1,1,1,1,3,0,'タルカジャ','アギ','ハマ','ヒートウェイブ','アギラオ','リディアコワース','百発百中','物理耐性','','','',''),
 (56,35,2,10,'天使','プリンシパリティ',1,73,9,19,14,11,15,1,1,1,1,1,3,0,'リカーム','ハマオン','ブフ','メディア','審判の光','カースディ','破魔ブースタ','呪殺耐性','','','',''),
 (57,40,3,10,'天使','パワー',0,96,19,15,19,9,13,1,1,1,2,0,3,0,'メディア','メギド','絶命剣','ディアラ','マハジオンガ','リベリオン','暗殺者','衝撃耐性','メパララディ','ムド','初段の賢魔','自然治癒'),
 (58,47,3,10,'天使','ヴァーチャー',1,96,7,19,19,14,17,1,1,1,0,3,3,0,'メクロズディ','魔封無効','ハマオン','バリア','審判の光','コンセントレイト','スクカオート','氷結無効','マハジオ','アギ','初段の強運','初段の猛速'),
 (59,53,3,10,'天使','ドミニオン',1,87,9,21,17,15,18,1,1,1,2,0,3,0,'メカースディ','呪い無効','マハジオンガ','メギド','ジオダイン','常世の祈り','魔封無効','電撃無効','メチャームディ','スラッシュ','初段の恵体','ブフ'),
 (60,60,4,10,'天使','ソロネ',0,92,15,18,18,20,18,1,3,0,1,1,3,0,'電撃耐性','マハラギオン','タークゾーン無効','メディラ','マハンマオン','ディアラハン','寸分の見切り','氷結無効','雄叫び','氷結耐性','デスタッチ','野生の勘'),
 (61,5,1,11,'妖魔','アガシオン',0,82,7,13,16,9,12,1,2,0,2,1,1,0,'カースディ','ジオ','','マハジオ','ヒートウェイブ','クロズディ','初段の強運','呪殺耐性','','','',''),
 (62,7,1,11,'妖魔','コッパテング',0,40,13,11,7,14,13,1,1,1,0,2,1,1,'毒床歩き','ザン','','ウィンドブレス','ザンマ','タルンダ','野生の勘','火炎耐性','','','',''),
 (63,11,1,11,'妖魔','アプサラス',1,68,8,15,13,10,13,1,0,2,1,1,1,1,'ポズムディ','ブフ','','ディアラ','ブフーラ','メチャームディ','初段の猛速','電撃耐性','','','',''),
 (64,34,2,11,'妖魔','ディース',1,77,7,18,15,13,15,1,1,2,2,1,1,0,'マカジャマ','アギラオ','ザン','メディラ','メギド','バリアコワース','魔封追撃','衝撃耐性','','','',''),
 (65,40,3,11,'妖魔','ヴァルキリー',0,87,21,9,17,13,16,2,1,1,0,2,1,1,'マハンマ','絶命剣','物理ブースタ','ヒートウェイブ','デスバウンド','テトラコワース','三分の活泉','電撃耐性','メウィークディ','スラッシュ','クロズディ','ウィークディ'),
 (66,52,3,11,'妖魔','イフリート',0,63,16,23,12,15,14,1,4,0,1,1,1,1,'アギラオ','火炎ブースタ','マハラギ','アギダイン','地獄の業火','メクロズディ','追い打ち','電撃耐性','なぎ払い','ヒートウェイブ','ザン','アウトブレイク'),
 (67,66,4,11,'妖魔','ガネーシャ',0,66,22,16,22,12,17,2,1,1,0,3,1,0,'怪力乱神','チャージ','ラクカジャ','捨て身の一撃','メガトンレイド','挑発','物理ブースタ','呪殺無効','メポズムディ','マハザンダイン','天罰','デゾレト'),
 (68,15,1,12,'龍王','ノズチ',0,63,12,11,12,12,13,2,0,2,2,0,1,0,'一分の活泉','マハジオ','','暴れまくり','ジオンガ','カースディ','百発百中','火炎耐性','','','',''),
 (69,28,2,12,'龍王','ナーガ',0,96,16,7,19,11,13,1,0,2,2,0,1,0,'絶命剣','ブフーラ','百発百中','リベリオン','デスバウンド','デゾレト','二分の活泉','氷結無効','','','',''),
 (70,45,3,12,'龍王','ゲンブ',0,87,17,20,17,9,12,1,0,3,1,1,1,1,'ブフーラ','マハブフーラ','氷結ブースタ','ラクカジャ','ブフダイン','マカラコワース','勝利の息吹','物理耐性','毒床歩き','初段の剛力','スラッシュ','乱れ狂い'),
 (71,61,4,12,'龍王','ヤマタノオロチ',0,96,24,11,19,17,19,1,3,3,0,1,1,1,'ブフダイン','メガトンプレス','毒床無効','バリア','アギダイン','リカームドラ','タルカオート','破魔無効','毒床歩き','デカジャ','吸魔','ミナゴロシの愉悦'),
 (72,70,4,12,'龍王','ユルング',2,124,16,13,25,20,17,1,0,3,2,1,1,0,'マハシバブー','サマリカーム','マハブフーラ','三段の強運','ブフダイン','ディアラマ','毒無効','火炎耐性','溶解ブレス','リカームドラ','毒追撃','マハンマ'),
 (73,83,5,12,'龍王','アナンタ',2,115,16,23,23,21,19,1,1,3,3,0,3,1,'ディアラハン','スクカオート','ラクカオート','天罰','マハブフダイン','マハポイズマオン','タルカオート','氷結吸収','ギガントマキア','マハザンダイン','モータルジハード','鬼神楽'),
 (74,3,1,13,'魔獣','カーシー',2,54,14,10,10,13,10,1,1,1,1,1,3,1,'スラッシュ','アギ','','アムリタ','甘噛み','タルカジャ','一分の活泉','火炎耐性','','','',''),
 (75,9,1,13,'魔獣','イヌガミ',2,68,10,9,13,13,13,1,2,0,1,1,1,1,'アギ','パララディ','','マハラギ','アギラオ','ラクンダ','緊縛耐性','呪殺耐性','','','',''),
 (76,14,1,13,'魔獣','ネコマタ',2,63,10,9,12,15,13,1,2,0,0,2,1,1,'チャームディ','マハザン','','スクカジャ','ザンマ','アムリタ','魅了耐性','氷結耐性','','','',''),
 (77,35,2,13,'魔獣','オルトロス',0,77,16,13,15,14,9,1,3,0,1,1,1,2,'アギラオ','丸かじり','マハラギ','金剛発破','ファイアブレス','リカーム','緊縛耐性','電撃耐性','','','',''),
 (78,44,3,13,'魔獣','アーマーン',0,77,21,9,15,14,16,1,1,0,3,1,1,1,'リベリオン','デスタッチ','狂乱の剛爪','二段の猛速','暴飲暴食','雄叫び','魅了無効','氷結耐性','ジオ','暴れまくり','初段の恵体','マハブフ'),
 (79,61,4,13,'魔獣','ケルベロス',0,82,21,19,16,19,18,1,5,0,1,1,1,1,'アギダイン','地獄の獰爪','雄叫び','二分の活泉','ファイアブレス','マハデゾレトオン','追い打ち','物理耐性','緊縛追撃','反撃','ヒートウェイブ','初段の猛速'),
 (80,2,1,14,'妖精','ピクシー',1,63,9,10,12,16,10,1,1,1,2,1,1,0,'ザン','ディア','','回復ブースタ','マハジオ','メディア','魔封耐性','破魔耐性','','','',''),
 (81,7,1,14,'妖精','ジャックフロスト',0,68,7,16,13,9,13,1,0,2,1,1,1,1,'ブフ','マハブフ','','ハマ','ブフーラ','バトンタッチ','反撃','電撃耐性','','','',''),
 (82,13,1,14,'妖精','ジャックランタン',0,68,7,16,13,10,13,1,2,0,1,1,1,1,'アギ','マハラギ','','アギラオ','ファイアブレス','バトンタッチ','一分の魔脈','衝撃耐性','','','',''),
 (83,24,2,14,'妖精','ハイピクシー',1,59,9,19,11,14,15,1,1,1,1,2,1,1,'デゾレト','メディア','マハジオ','リディア','放電','ディアラ','乱れ狂い','破魔耐性','','','',''),
 (84,35,2,14,'妖精','ケルピー',1,73,14,13,14,16,14,1,1,2,1,0,1,1,'ディアラ','ジオンガ','暴れまくり','ダークゾーン無効','吸魔','リディア','野生の勘','呪殺耐性','','','',''),
 (85,42,3,14,'妖精','シルキー',2,96,7,20,19,13,16,1,0,3,1,1,1,1,'メウィークディ','虚弱無効','ブフダイン','メディラ','マハブフーラ','リディア','奈落のマスク','衝撃無効','コロシの愉悦','なぎ払い','毒床歩き','野生の勘'),
 (86,47,3,14,'妖精','セタンタ',0,77,20,14,15,12,14,1,1,1,0,3,1,0,'鬼神楽','千発千中','金剛発破','デスバウンド','ザンマ','タルカジャ','狂戦士','電撃耐性','初段の恵体','ジオ','カースディ','ヒートウェイブ'),
 (87,62,4,14,'妖精','ティターニア',2,54,14,28,10,13,18,1,1,1,1,1,2,2,'電撃ブースタ','マハジオンガ','マカジャマオン','二分の魔脈','ショックウェーブ','デゾレトオン','追い打ち','物理耐性','タルンダ','マハムド','絶命剣','放電'),
 (88,67,4,14,'妖精','オベロン',0,92,22,26,18,10,13,1,1,1,0,4,1,1,'衝撃ブースタ','ザンダイン','マハマリンカリオン','マカラカーン','ツイスター','メチャームディ','スクカオート','氷結耐性','スラッシュ','初段の恵体','タルカジャ','吸魔'),
 (89,4,1,15,'堕天使','メルコム',1,82,9,8,16,12,12,1,2,0,1,0,0,2,'ディア','アギ','','ファイアブレス','マハラギ','カースディ','一分の魔脈','物理耐性','','','',''),
 (90,10,1,15,'堕天使','エリゴール',0,82,16,10,16,6,9,2,1,1,0,1,1,3,'ムド','なぎ払い','','食いしばり','絶命剣','ラクカジャ','反撃','破魔耐性','','','',''),
 (91,23,2,15,'堕天使','デカラビア',0,77,9,17,15,12,14,1,1,1,1,1,0,2,'マハラギ','マハブフ','ブフ','マリンカリン','アギラオ','メクロズディ','魔封耐性','氷結耐性','','','',''),
 (92,41,3,15,'堕天使','フォルネウス',2,96,19,13,19,9,15,1,1,4,0,1,1,3,'ブフーラ','マハジオ','フォッグブレス','電撃耐性','マハブフーラ','マハシバブー','氷結ブースタ','破魔無効','初段の猛速','メクロズディ','ジオ','チャームディ'),
 (93,54,3,15,'堕天使','オセ',0,87,21,10,17,16,16,1,1,1,1,1,1,2,'冥界破','マハジオンガ','チャージ','猛反撃','メガトンプレス','テトラカーン','二段の剛力','物理無効','アギ','チャームディ','メディア','乱れ狂い'),
 (94,70,4,15,'堕天使','ダンタリアン',2,120,10,24,24,16,18,1,2,2,0,3,0,2,'マカラカーン','フォッグブレス','ハマダイン','二分の魔脈','暴飲暴食','バインドボイス','マカラカシフト','呪殺反射','バインドボイス','アイスブレス','挑発','二段の強運'),
 (95,84,5,15,'堕天使','サマエル',2,115,13,27,23,19,22,1,1,1,0,1,5,5,'勝利のチャクラ','メシアライザー','エナジードレイン','デスカウンター','煉獄','テトラカーン','無限のチャクラ','火炎無効','ファイアブレス','アギラオ','丸かじり','回復ブースタ'),
 (96,3,1,16,'妖鬼','アズミ',1,54,10,12,10,13,12,1,1,2,0,1,1,1,'パララディ','ブフ','','アイスブレス','マハブフ','ディア','一分の活泉','衝撃耐性','','','',''),
 (97,15,1,16,'妖鬼','モムノフ',0,73,16,7,14,10,12,2,1,1,1,0,1,1,'なぎ払い','反撃','','ヒートウェイブ','鬼神楽','デクンダ','食いしばり','衝撃耐性','','','',''),
 (98,27,2,16,'妖鬼','オニ',0,73,20,10,14,10,14,1,1,1,0,1,1,1,'テトラコワース','マハラギ','金剛発破','鬼神楽','五月雨斬り','チャージ','コロシの愉悦','衝撃耐性','','','',''),
 (99,41,3,16,'妖鬼','ヨモツイクサ',0,63,17,14,12,18,14,1,1,1,1,0,0,2,'毒耐性','アイスブレス','マハムドオン','無慈悲な一撃','刹那五月雨撃ち','ジュオン','ミナゴロシの愉悦','破魔耐性','クロズディ','初段の恵体','メカースディ','メウィークディ'),
 (100,49,3,16,'妖鬼','シキオウジ',0,73,18,20,14,10,13,3,0,0,1,1,2,2,'魔封耐性','ハマ','ムド','デカジャ','メギド','ラクンダ','追い打ち','氷結耐性','メウィークディ','マハラギ','祟り','ディア'),
 (101,54,3,16,'妖鬼','ベルセルク',0,59,23,13,11,15,18,3,1,1,1,0,1,1,'チャージ','暗夜剣','マハブフ','不屈の闘志','メガトンプレス','リベリオン','猛反撃','氷結耐性','ソウルドレイン','初段の賢魔','クロズディ','野生の勘'),
 (102,68,4,16,'妖鬼','オンギョウキ',0,101,25,11,20,16,19,2,1,2,1,2,0,1,'暗夜剣','ラクカオート','マハブフーラ','デスタッチ','虚空爪激','アウトブレイク','デスカウンター','呪殺無効','反撃','魅了追撃','初段の強運','ウィンドブレス'),
 (103,12,1,17,'鬼女','リャナンシー',1,82,7,14,16,9,12,1,1,1,1,0,1,1,'ディア','ブフ','','メディア','ムドオン','リカーム','毒耐性','衝撃耐性','','','',''),
 (104,23,2,17,'鬼女','ヨモツシコメ',2,63,14,12,12,15,14,1,0,1,1,1,0,3,'タルンダ','毒針','ブフーラ','バインドクロ―','デスバウンド','ウィークディ','見切り','衝撃耐性','','','',''),
 (105,34,2,17,'鬼女','ヤクシニー',0,82,19,12,16,12,9,1,1,1,0,3,1,1,'呪い耐性','アギラオ','マハザン','五月雨斬り','ジオンガ','シバブー','初段の剛力','物理耐性','','','',''),
 (106,42,3,17,'鬼女','マーメイド',1,77,12,21,15,12,15,1,1,2,0,2,1,1,'アイスブレス','ウィンドブレス','メディア','セクシーダンス','ブフダイン','メチャームディ','無限のチャクラ','氷結無効','クロズディ','暴れまくり','パララディ','暴れまくり'),
 (107,53,3,17,'鬼女','ダーキニー',0,87,22,10,17,14,17,2,4,0,1,1,1,1,'バリアコワース','アギラオ','怪力乱神','ポイズマオン','アギダイン','マハマカジャマ','毒無効','氷結耐性','毒ガスブレス','ショックウェーブ','初段の賢魔','野生の勘'),
 (108,67,4,17,'鬼女','ランダ',0,82,16,21,16,18,19,5,1,1,0,1,1,1,'マハジュオン','ムドダイン','マハザンダイン','空間殺法','煉獄','リカームドラ','食いしばり','衝撃無効','ウィンドブレス','マハブフーラ','デカジャ','吸魔'),
 (109,5,1,18,'夜魔','モコイ',0,54,10,10,10,14,12,1,1,1,2,0,1,1,'ジオ','突撃','','暴れまくり','ジオンガ','ウィークディ','初段の剛力','呪殺耐性','','','',''),
 (110,10,1,18,'夜魔','ザントマン',0,73,10,9,14,13,13,1,1,1,0,2,1,1,'ザン','スラッシュ','','シバブー','暗夜剣','スクンダ','超自然治癒','氷結耐性','','','',''),
 (111,21,2,18,'夜魔','インキュバス',2,68,13,12,13,15,14,1,1,1,0,2,1,1,'マリンカリン','ムドオン','ザン','吸血','マハザン','メパララディ','魅了追撃','氷結耐性','','','',''),
 (112,30,2,18,'夜魔','フォーモリア',0,101,18,8,20,8,14,1,0,2,1,1,1,1,'マハブフ','金剛発破','ハマオン','追い打ち','ブフーラ','リベリオン','二分の活泉','破魔耐性','','','',''),
 (113,42,3,18,'夜魔','キウン',0,82,13,18,16,15,13,1,1,0,1,1,0,3,'ムドオン','マハムド','呪殺ブースタ','スクカジャ','マハムドオン','マカラコワース','食いしばり','氷結耐性','初段の賢魔','初段の強運','コロシの愉悦','マハンマ'),
 (114,47,3,18,'夜魔','リリム',2,73,11,21,14,13,16,1,1,0,1,3,1,1,'魅了耐性','マハザンマ','マリンカリン','吸魔','ザンダイン','メクロスディ','二段の賢魔','電撃無効','初段の強運','ブフ','ウィークディ','ジオ'),
 (115,63,4,18,'夜魔','サキュバス',2,96,11,24,19,16,19,1,2,3,1,1,0,1,'マハマリンカリン','魅了追撃','ブフダイン','吸魔','マハジオンガ','マハデゾレト','魅了無効','破魔耐性','吸血','マハブフーラ','野獣の勘','マハムドオン'),
 (116,80,5,18,'夜魔','リリス',2,96,18,25,19,17,23,1,2,2,4,0,0,3,'マハジオダイン','エナジードレイン','肉体の解放','狂い咲き','精神漏出','サマリカーム','三段の強運','破魔無効','毒床渡り','タルンダ','煉獄','暗殺者'),
 (117,26,2,19,'邪神','アブラクサス',2,63,17,17,12,13,8,4,0,0,0,0,0,0,'デクンダ','タルカジャ','ブフーラ','ラクカジャ','金剛発破','アムリタ','地獄のマスク','呪殺無効','','','',''),
 (118,41,3,19,'邪神','バフォメット',0,96,9,21,19,11,15,1,1,1,1,1,0,3,'マハムド','吸血','マハラギ','二分の魔脈','ムドダイン','マハポイズマ','呪殺ブースタ','破魔耐性','暴れまくり','マハブフ','野生の勘','ジオ'),
 (119,50,3,19,'邪神','アラハバキ',0,129,9,18,26,12,15,2,2,0,0,0,0,2,'メギド','マカラカーン','コンセントレイト','エナジードレイン','アイスブレス','メポズムディ','マカラカシフト','氷結無効','なぎ払い','乱れ狂い','ムド','メチャームディ'),
 (120,62,4,19,'邪神','パズス',1,129,20,23,26,12,9,1,1,0,1,3,1,3,'火炎耐性','メディラマ','煉獄','ホワイトノイズ','マハムドダイン','サマリカーム','デスカウンター','破魔無効','魔封耐性','メディア','ザンマ','デスバウンド'),
 (121,67,4,19,'邪神','ギリメカラ',0,92,26,12,18,16,18,5,1,1,0,0,0,1,'呪殺耐性','反逆の魔象','メガトンプレス','バインドボイス','暴飲暴食','ラクンダ','ミナゴロシの愉悦','衝撃耐性','審判の光','アギダイン','クロズディ','ブフーラ'),
 (122,84,5,19,'邪神','セト',0,92,32,13,18,19,23,1,0,1,3,3,1,4,'ザンダイン','ランダマイザ','モータルジハード','ティタノマキア','精神漏出','アウトブレイク','衝撃ハイブースタ','火炎耐性','マリンカリン','マハマリンカリン','冥界破','ジュ'),
 (123,4,1,20,'妖獣','チャグリン',2,82,9,9,16,13,10,1,0,1,2,1,1,1,'ウィークディ','ジオ','','放電','マハジオ','スクカジャ','初段の猛速','呪殺耐性','','','',''),
 (124,9,1,20,'妖獣','バイコーン',0,77,17,13,15,7,6,1,1,1,1,0,1,3,'突撃','アギ','','マハラギ','ヒートウェイブ','チャームディ','地獄のマスク','破魔耐性','','','',''),
 (125,20,2,20,'妖獣','ライジュウ',2,68,12,10,13,16,15,1,1,1,2,0,1,1,'虚弱耐性','ジオンガ','放電','食いしばり','バインドクロ―','バリアコワース','初段の猛速','電撃無効','','','',''),
 (126,25,2,20,'妖獣','ヌエ',0,77,18,10,15,10,14,1,1,1,2,0,1,1,'マハジオ','ジオ','丸かじり','バインドクロ―','ジオンガ','ラクンダ','初段の剛力','物理耐性','','','',''),
 (127,41,3,20,'妖獣','モスマン',2,106,12,10,21,17,15,1,1,1,2,0,1,1,'緊縛耐性','マハジオ','マハシバブー','一分の魔脈','ジオダイン','シバブオン','狂い咲き','火炎無効','ザン','ヒートウェイブ','見切り','メパララディ'),
 (128,46,3,20,'妖獣','ピアレイ',2,92,9,20,18,13,16,1,0,2,1,1,0,1,'マハデゾレト','狂い咲き','マハムドオン','毒ガスブレス','イービルアイ','コンセントレイト','地獄のマスク','破魔耐性','ジオ','マハラギ','初段の猛速','毒床歩き'),
 (129,61,4,20,'妖獣','フェンリル',2,77,19,14,15,27,14,1,0,4,2,0,1,1,'虚空爪激','二段の猛速','タルカオート','丸かじり','冥界破','マカラコワース','スピードスター','衝撃耐性','呪殺耐性','丸かじり','メウィークディ','ハマ'),
 (130,1,1,21,'外道','スライム',0,54,12,10,10,12,12,0,0,0,0,0,0,1,'スラッシュ','一分の活泉','','吸血','吸魔','ポズムディ','反撃','衝撃耐性','','','',''),
 (131,10,1,21,'外道','ファントム',0,68,9,16,13,13,6,2,1,1,1,0,0,3,'ジオ','ムド','','マハジオ','ジオンガ','デカジャ','地獄のマスク','電撃耐性','','','',''),
 (132,20,2,21,'外道','ブロブ',0,96,15,11,19,9,13,2,1,0,1,1,0,3,'ポイズマ','ザン','マハザン','タルンダ','吸魔','マハポイズマ','乱れ狂い','衝撃耐性','','','',''),
 (133,25,2,21,'外道','ブラックウーズ',0,106,15,14,21,8,10,2,1,1,0,1,0,3,'ジュ','ポイズマ','甘噛み','乱れ狂い','デスタッチ','マハジュ','食いしばり','火炎無効','','','',''),
 (134,35,2,21,'外道','シャドウ',0,87,9,19,17,15,7,2,1,1,1,0,0,3,'ラクンダ','マハジオ','ムド','タルカジャ','ムドオン','デゾレト','初段の猛速','氷結耐性','','','',''),
 (135,45,3,21,'外道','マッドガッサー',0,63,14,12,12,20,18,1,1,1,1,1,0,2,'マハポイズマ','毒追撃','ムドダイン','地獄のマスク','デスタッチ','バリアコワース','乱れ狂い','呪殺無効','ジオ','ハマ','スクカジャ','メチャームディ'),
 (136,46,3,22,'魔王','オーカス',0,82,21,9,16,13,16,2,1,0,1,1,0,1,'食いしばり','猛反撃','地獄の業火','ラクカオート','捨て身の一撃','テトラコワース','二段の恵体','氷結無効','マハブフ','ザン','野生の勘','自然治癒'),
 (137,60,4,22,'魔王','アバドン',0,101,23,14,20,16,15,1,5,1,0,1,1,1,'猛反撃','マハラギオン','暴飲暴食','地獄の業火','メガトンレイド','マハデゾレト','コロシの愉悦','物理無効','初段の猛速','地獄のマスク','ジュ','メクロズディ'),
 (138,68,4,22,'魔王','ベルゼブブ',0,96,19,18,19,18,16,1,1,1,2,2,3,3,'ムドダイン','マハジオンガ','暴食の大罪','野獣の勘','ショックウェーブ','アウトブレイク','マカラカシフト','破魔反射','マハデゾレトオン','物理耐性','コロシの愉悦','電撃耐性'),
 (139,75,4,22,'魔王','ロキ',0,110,10,24,22,15,19,1,1,3,1,2,0,2,'ザンダイン','アギダイン','トリックスター','ジオダイン','ブフダイン','祟り','ダークゾーン無効','破魔耐性','コロシの愉悦','丸かじり','マハムドオン','ムドオン'),
 (140,83,5,22,'魔王','スルト',0,110,27,20,22,13,20,1,4,0,1,1,1,1,'怪力乱神','テトラカシフト','ラグナロク','威圧の構え','マハラギダイン','リディア','火炎貫通','氷結無効','毒追撃','衝撃ブースタ','ラクンダ','丸かじり'),
 (141,90,5,22,'魔王','マーラ',0,87,30,15,17,19,23,1,1,0,1,1,2,2,'緊縛無効','ティタノマキア','地獄突き','メガトンレイド','ソウルドレイン','チャージ','物理貫通','氷結無効','真理の雷','デゾレトオン','マハマカジャオン','地獄の業火'),
 (142,98,5,22,'魔王','ルシファー',0,110,24,22,22,21,18,2,1,1,1,1,0,5,'メギドラオン','トリスアギオン','明けの明星','三段の恵体','ギガントマキア','リカームドラ','大虐殺者','破魔吸収','ムドダイン','魅了無効','電撃ブースタ','マリンカリオン'),
 (143,4,1,23,'幽鬼','ガキ',0,63,12,12,12,11,12,1,0,2,1,0,0,3,'ブフ','ムド','','マハブフ','吸血','ディスコード','百発百中','衝撃耐性','','','',''),
 (144,7,1,23,'幽鬼','オバリヨン',1,77,9,8,15,13,13,1,1,0,3,1,0,3,'クロズディ','メディア','','突撃','暴れまくり','スクンダ','見切り','火炎耐性','','','',''),
 (145,20,2,23,'幽鬼','モウリョウ',0,59,9,20,11,12,15,1,1,1,1,1,0,3,'ムド','シバブオン','ファイアブレス','吸魔','イービルアイ','カースディ','初段の賢魔','呪殺反射','','','',''),
 (146,26,2,23,'幽鬼','ピシャーチャ',2,96,13,8,19,14,13,1,0,1,1,3,0,2,'マハムド','甘噛み','吸血','ジュ','ムドオン','マハシバブー','毒床渡り','氷結耐性','','','',''),
 (147,34,2,23,'幽鬼','レギオン',0,101,12,10,20,14,13,1,1,1,0,1,0,2,'マハザン','ムド','アギ','デスバウンド','ウィンドブレス','マカラコワース','衝撃ブースタ','火炎耐性','','','',''),
 (148,44,3,23,'幽鬼','ラフィン・スカル',2,63,15,20,12,13,15,1,4,0,1,1,0,3,'ディスコード','ムドオン','デスタッチ','デカジャ','冥界破','雄叫び','緊縛無効','衝撃耐性','なぎ払い','ポズムディ','暴れまくり','マハジオ'),
 (149,55,3,23,'幽鬼','ヴェータラ',0,77,18,18,15,14,14,1,0,1,1,1,0,3,'リディアコワース','ブフダイン','丸かじり','暴れまくり','エナジードレイン','溶解ブレス','毒耐性','火炎耐性','カースディ','初段の猛速','ヒートウェイブ','初段の猛速'),
 (150,74,4,24,'魔人','ホワイトライダー',0,77,16,24,15,20,17,1,1,1,4,0,2,2,'ジオダイン','ホワイトノイズ','ゴッドアロー','ショックウェーブ','ソウルドレイン','リカームドラ','緊縛無効','衝撃無効','ブフーラ','百発百中','メチャームディ','マハラギオン'),
 (151,89,5,24,'魔人','アリス',0,96,14,28,19,20,23,1,1,1,1,1,0,5,'マハムドオン','ムドダイン','死んでくれる？','ソウルドレイン','ヘルズアイ','マハジュオン','呪殺ハイブースタ','破魔反射','絶対零度','マハブフダイン','呪い耐性','刹那五月雨撃ち'),
 (152,94,5,24,'魔人','トランペッター',0,96,17,25,19,22,21,1,1,1,1,1,3,3,'コンセントレイト','ソウルドレイン','アポカリプス','マハマカジャオン','ジャッジメント','祟り','ラクカオート','物理耐性','タルカジャ','マハブフーラ','空間殺法','火炎耐性'),
 (153,83,5,25,'英雄','ジークフリード',0,101,27,16,20,19,20,4,1,1,1,1,1,1,'怪力乱神','リベリオン','武道の素養','勝利の息吹','ティタノマキア','チャージ','不屈の闘志','衝撃無効','マハジオダイン','トリスアギオン','メギドラ','イービルアイ'),
 (154,97,5,25,'英雄','ヨシツネ',0,106,26,18,21,22,18,2,1,1,1,1,3,3,'空間殺法','勝利のチャクラ','八艘飛び','不屈の闘志','ギガントマキア','テトラカーン','物理ハイブースタ','物理吸収','マハマカジャマ','マハブフダイン','殺風激','ウィンドブレス'),
 (155,25,2,26,'怪異','かみおとこ',2,77,19,11,15,10,11,1,1,1,1,1,0,5,'ムドオン','狂い咲き','痺れ噛みつき','雄叫び','丸かじり','ディスコード','初段の強運','衝撃無効','','','',''),
 (156,15,1,27,'珍獣','チュパカブラ',0,49,11,10,9,15,14,1,1,1,0,1,1,1,'マハザン','ステルス','','スクカオート','吸魔','パララディ','地獄のマスク','電撃耐性','','','',''),
 (157,41,3,27,'珍獣','イナバシロウサギ',1,68,13,11,13,20,17,1,0,1,1,1,1,1,'デカジャ','メディア','ワナフーリ','リカーム','狂乱の剛爪','ディスコード','初段の猛速','火炎無効','','','',''),
 (158,30,2,28,'秘神','カンバリ',0,63,14,11,12,16,16,0,1,1,1,1,2,0,'暴れまくり','ハマオン','コウウン','メガトンプレス','マハンマ','メカースディ','勝利のチャクラ','火炎耐性','','','',''),
 (159,55,3,28,'秘神','キンマモン',2,87,9,16,17,20,18,1,3,0,1,1,2,2,'メギド','バリア','マレビト','メギドラ','エナジードレイン','アムリタ','見切り','呪殺無効','','','',''),
 (160,75,4,28,'秘神','カーマ',2,92,16,12,18,27,18,2,0,1,1,1,2,1,'スピードスター','デクンダ','魅了の神弓','空間殺法','刹那五月雨撃ち','静寂の祈り','スクカオート','火炎反射','','','',''),
 (161,24,5,29,'霊鳥','ハンサ',2,73,8,14,14,16,14,1,1,1,2,1,1,0,'ハマ','ジオンガ','スクカジャ','マカジャマ','マハンマ','メディア','スピードスター','氷結耐性','','','',''),
 (162,28,5,29,'霊鳥','スパルナ',0,68,14,10,13,17,13,1,1,1,2,1,2,0,'ジオ','金剛発破','ラクカジャ','ディアラ','吸魔','タルンダ','地獄のマスク','電撃無効','','','',''),
 (163,44,5,29,'霊鳥','ジャターユ',2,49,13,11,9,24,18,1,2,1,0,4,3,0,'スクカジャ','スクカオート','デカジャ','スクンダ','デスバウンド','リカーム','野獣の勘','電撃耐性','マハザン','乱れ狂い','メポズムディ','カースディ'),
 (164,53,5,29,'霊鳥','スザク',1,49,8,19,9,23,21,0,3,0,1,1,1,1,'アギラオ','タルンダオート','メディラマ','ダークゾーン無効','マハンマ','バインドボイス','毒床渡り','物理耐性','コロシの愉悦','クロズディ','メパララディ','ジオ'),
 (165,66,4,29,'霊鳥','ヤタガラス',2,68,22,10,13,28,17,1,3,0,1,1,2,1,'冥界破','スクンダオート','スピードスター','物理ブースタ','モータルジハード','スクカジャ','寸分の見切り','物理耐性','マハラギオン','一分の魔脈','ウィンドブレス','緊縛耐性'),
 (166,80,5,29,'霊鳥','ガルーダ',0,63,10,25,12,33,21,1,5,0,1,3,2,1,'ザンダイン','ラクンダオート','ヴァーハナ','三段の賢魔','マハラギダイン','フォッグブレス','狂戦士','破魔無効','マハマカジャマ','アムリタ','火炎ブースタ','アギラオ'),
 (167,65,4,30,'狂神','アティス',0,96,22,12,19,18,18,2,1,1,1,1,1,1,'不屈の闘志','リカームドラ','乱・かすみ斬り','勝利の息吹','マハブフダイン','ディアラマ','魅了無効','氷結無効','','','',''),
 (168,85,5,31,'威霊','アリラト',0,120,7,23,24,20,24,2,1,1,1,1,2,2,'メギドラ','奈落のマスク','貫反の霊圧','ディアラハン','ソウルドレイン','メディラマ','二分の魔脈','物理無効','','','','');
CREATE TABLE IF NOT EXISTS `AITable` (
	`ID`	INTEGER UNIQUE,
	`Name`	TEXT,
	PRIMARY KEY(`ID`)
);
INSERT INTO `AITable` VALUES (0,'攻撃'),
 (1,'サポート'),
 (2,'回復');
COMMIT;
