﻿<?xml version="1.0" encoding="utf-8"?>
<?xml-stylesheet type="text/xsl" href="c:\program files (x86)\microsoft visual studio\2017\community\team tools\static analysis tools\fxcop\Xml\CodeAnalysisReport.xsl"?>
<FxCopReport Version="15.0">
 <Targets>
  <Target Name="E:\git\gitlab\d2megaten\devilanalyzer\DevilAnalyzer\bin\Debug\DevilAnalyzer.exe">
   <Modules>
    <Module Name="devilanalyzer.exe">
     <Namespaces>
      <Namespace Name="DevilAnalyzer">
       <Types>
        <Type Name="DevilUnion" Kind="Class" Accessibility="Public" ExternallyVisible="True">
         <Members>
          <Member Name="#dgUnionAnswer" Kind="Field" Static="False" Accessibility="Assembly" ExternallyVisible="False">
           <Messages>
            <Message TypeName="AvoidUnusedPrivateFields" Category="Microsoft.Performance" CheckId="CA1823" Status="ExcludedInSource" Created="2019-01-12 02:59:33Z" FixCategory="NonBreaking" LastSeen="0001-01-01 00:00:00Z" />
           </Messages>
          </Member>
          <Member Name="#lblDevilName" Kind="Field" Static="False" Accessibility="Assembly" ExternallyVisible="False">
           <Messages>
            <Message TypeName="AvoidUnusedPrivateFields" Category="Microsoft.Performance" CheckId="CA1823" Status="ExcludedInSource" Created="2019-01-12 02:59:33Z" FixCategory="NonBreaking" LastSeen="0001-01-01 00:00:00Z" />
           </Messages>
          </Member>
          <Member Name="#lblGrade" Kind="Field" Static="False" Accessibility="Assembly" ExternallyVisible="False">
           <Messages>
            <Message TypeName="AvoidUnusedPrivateFields" Category="Microsoft.Performance" CheckId="CA1823" Status="ExcludedInSource" Created="2019-01-12 02:59:33Z" FixCategory="NonBreaking" LastSeen="0001-01-01 00:00:00Z" />
           </Messages>
          </Member>
          <Member Name="#lblReality" Kind="Field" Static="False" Accessibility="Assembly" ExternallyVisible="False">
           <Messages>
            <Message TypeName="AvoidUnusedPrivateFields" Category="Microsoft.Performance" CheckId="CA1823" Status="ExcludedInSource" Created="2019-01-12 02:59:33Z" FixCategory="NonBreaking" LastSeen="0001-01-01 00:00:00Z" />
           </Messages>
          </Member>
          <Member Name="#lblUnionCount" Kind="Field" Static="False" Accessibility="Assembly" ExternallyVisible="False">
           <Messages>
            <Message TypeName="AvoidUnusedPrivateFields" Category="Microsoft.Performance" CheckId="CA1823" Status="ExcludedInSource" Created="2019-01-12 02:59:33Z" FixCategory="NonBreaking" LastSeen="0001-01-01 00:00:00Z" />
           </Messages>
          </Member>
          <Member Name="#System.Windows.Markup.IComponentConnector.Connect(System.Int32,System.Object)" Kind="Method" Static="False" Accessibility="Private" ExternallyVisible="True">
           <Messages>
            <Message TypeName="AvoidExcessiveComplexity" Category="Microsoft.Maintainability" CheckId="CA1502" Status="ExcludedInSource" Created="2019-01-12 02:59:33Z" FixCategory="NonBreaking" LastSeen="0001-01-01 00:00:00Z" />
            <Message TypeName="DoNotCastUnnecessarily" Category="Microsoft.Performance" CheckId="CA1800" Status="ExcludedInSource" Created="2019-01-12 02:59:33Z" FixCategory="NonBreaking" LastSeen="0001-01-01 00:00:00Z" />
            <Message TypeName="InterfaceMethodsShouldBeCallableByChildTypes" Category="Microsoft.Design" CheckId="CA1033" Status="ExcludedInSource" Created="2019-01-12 02:59:33Z" FixCategory="NonBreaking" LastSeen="0001-01-01 00:00:00Z" />
           </Messages>
          </Member>
          <Member Name="#UnionAnswer" Kind="Field" Static="False" Accessibility="Assembly" ExternallyVisible="False">
           <Messages>
            <Message TypeName="AvoidUnusedPrivateFields" Category="Microsoft.Performance" CheckId="CA1823" Status="ExcludedInSource" Created="2019-01-12 02:59:33Z" FixCategory="NonBreaking" LastSeen="0001-01-01 00:00:00Z" />
           </Messages>
          </Member>
         </Members>
        </Type>
        <Type Name="MainWindow" Kind="Class" Accessibility="Public" ExternallyVisible="True">
         <Members>
          <Member Name="#btnSearch" Kind="Field" Static="False" Accessibility="Assembly" ExternallyVisible="False">
           <Messages>
            <Message TypeName="AvoidUnusedPrivateFields" Category="Microsoft.Performance" CheckId="CA1823" Status="ExcludedInSource" Created="2019-01-12 02:59:33Z" FixCategory="NonBreaking" LastSeen="0001-01-01 00:00:00Z" />
           </Messages>
          </Member>
          <Member Name="#cbCurse" Kind="Field" Static="False" Accessibility="Assembly" ExternallyVisible="False">
           <Messages>
            <Message TypeName="AvoidUnusedPrivateFields" Category="Microsoft.Performance" CheckId="CA1823" Status="ExcludedInSource" Created="2019-01-12 02:59:33Z" FixCategory="NonBreaking" LastSeen="0001-01-01 00:00:00Z" />
           </Messages>
          </Member>
          <Member Name="#cbCurseNone" Kind="Field" Static="False" Accessibility="Assembly" ExternallyVisible="False">
           <Messages>
            <Message TypeName="AvoidUnusedPrivateFields" Category="Microsoft.Performance" CheckId="CA1823" Status="ExcludedInSource" Created="2019-01-12 02:59:33Z" FixCategory="NonBreaking" LastSeen="0001-01-01 00:00:00Z" />
           </Messages>
          </Member>
          <Member Name="#cbCurseReflection" Kind="Field" Static="False" Accessibility="Assembly" ExternallyVisible="False">
           <Messages>
            <Message TypeName="AvoidUnusedPrivateFields" Category="Microsoft.Performance" CheckId="CA1823" Status="ExcludedInSource" Created="2019-01-12 02:59:33Z" FixCategory="NonBreaking" LastSeen="0001-01-01 00:00:00Z" />
           </Messages>
          </Member>
          <Member Name="#cbCurseRegist" Kind="Field" Static="False" Accessibility="Assembly" ExternallyVisible="False">
           <Messages>
            <Message TypeName="AvoidUnusedPrivateFields" Category="Microsoft.Performance" CheckId="CA1823" Status="ExcludedInSource" Created="2019-01-12 02:59:33Z" FixCategory="NonBreaking" LastSeen="0001-01-01 00:00:00Z" />
           </Messages>
          </Member>
          <Member Name="#cbCurseSuction" Kind="Field" Static="False" Accessibility="Assembly" ExternallyVisible="False">
           <Messages>
            <Message TypeName="AvoidUnusedPrivateFields" Category="Microsoft.Performance" CheckId="CA1823" Status="ExcludedInSource" Created="2019-01-12 02:59:33Z" FixCategory="NonBreaking" LastSeen="0001-01-01 00:00:00Z" />
           </Messages>
          </Member>
          <Member Name="#cbCurseWeek" Kind="Field" Static="False" Accessibility="Assembly" ExternallyVisible="False">
           <Messages>
            <Message TypeName="AvoidUnusedPrivateFields" Category="Microsoft.Performance" CheckId="CA1823" Status="ExcludedInSource" Created="2019-01-12 02:59:33Z" FixCategory="NonBreaking" LastSeen="0001-01-01 00:00:00Z" />
           </Messages>
          </Member>
          <Member Name="#cbFire" Kind="Field" Static="False" Accessibility="Assembly" ExternallyVisible="False">
           <Messages>
            <Message TypeName="AvoidUnusedPrivateFields" Category="Microsoft.Performance" CheckId="CA1823" Status="ExcludedInSource" Created="2019-01-12 02:59:33Z" FixCategory="NonBreaking" LastSeen="0001-01-01 00:00:00Z" />
           </Messages>
          </Member>
          <Member Name="#cbFireNone" Kind="Field" Static="False" Accessibility="Assembly" ExternallyVisible="False">
           <Messages>
            <Message TypeName="AvoidUnusedPrivateFields" Category="Microsoft.Performance" CheckId="CA1823" Status="ExcludedInSource" Created="2019-01-12 02:59:33Z" FixCategory="NonBreaking" LastSeen="0001-01-01 00:00:00Z" />
           </Messages>
          </Member>
          <Member Name="#cbFireReflection" Kind="Field" Static="False" Accessibility="Assembly" ExternallyVisible="False">
           <Messages>
            <Message TypeName="AvoidUnusedPrivateFields" Category="Microsoft.Performance" CheckId="CA1823" Status="ExcludedInSource" Created="2019-01-12 02:59:33Z" FixCategory="NonBreaking" LastSeen="0001-01-01 00:00:00Z" />
           </Messages>
          </Member>
          <Member Name="#cbFireRegist" Kind="Field" Static="False" Accessibility="Assembly" ExternallyVisible="False">
           <Messages>
            <Message TypeName="AvoidUnusedPrivateFields" Category="Microsoft.Performance" CheckId="CA1823" Status="ExcludedInSource" Created="2019-01-12 02:59:33Z" FixCategory="NonBreaking" LastSeen="0001-01-01 00:00:00Z" />
           </Messages>
          </Member>
          <Member Name="#cbFireSuction" Kind="Field" Static="False" Accessibility="Assembly" ExternallyVisible="False">
           <Messages>
            <Message TypeName="AvoidUnusedPrivateFields" Category="Microsoft.Performance" CheckId="CA1823" Status="ExcludedInSource" Created="2019-01-12 02:59:33Z" FixCategory="NonBreaking" LastSeen="0001-01-01 00:00:00Z" />
           </Messages>
          </Member>
          <Member Name="#cbFireWeek" Kind="Field" Static="False" Accessibility="Assembly" ExternallyVisible="False">
           <Messages>
            <Message TypeName="AvoidUnusedPrivateFields" Category="Microsoft.Performance" CheckId="CA1823" Status="ExcludedInSource" Created="2019-01-12 02:59:33Z" FixCategory="NonBreaking" LastSeen="0001-01-01 00:00:00Z" />
           </Messages>
          </Member>
          <Member Name="#cbHama" Kind="Field" Static="False" Accessibility="Assembly" ExternallyVisible="False">
           <Messages>
            <Message TypeName="AvoidUnusedPrivateFields" Category="Microsoft.Performance" CheckId="CA1823" Status="ExcludedInSource" Created="2019-01-12 02:59:33Z" FixCategory="NonBreaking" LastSeen="0001-01-01 00:00:00Z" />
           </Messages>
          </Member>
          <Member Name="#cbHamaNone" Kind="Field" Static="False" Accessibility="Assembly" ExternallyVisible="False">
           <Messages>
            <Message TypeName="AvoidUnusedPrivateFields" Category="Microsoft.Performance" CheckId="CA1823" Status="ExcludedInSource" Created="2019-01-12 02:59:33Z" FixCategory="NonBreaking" LastSeen="0001-01-01 00:00:00Z" />
           </Messages>
          </Member>
          <Member Name="#cbHamaReflection" Kind="Field" Static="False" Accessibility="Assembly" ExternallyVisible="False">
           <Messages>
            <Message TypeName="AvoidUnusedPrivateFields" Category="Microsoft.Performance" CheckId="CA1823" Status="ExcludedInSource" Created="2019-01-12 02:59:33Z" FixCategory="NonBreaking" LastSeen="0001-01-01 00:00:00Z" />
           </Messages>
          </Member>
          <Member Name="#cbHamaRegist" Kind="Field" Static="False" Accessibility="Assembly" ExternallyVisible="False">
           <Messages>
            <Message TypeName="AvoidUnusedPrivateFields" Category="Microsoft.Performance" CheckId="CA1823" Status="ExcludedInSource" Created="2019-01-12 02:59:33Z" FixCategory="NonBreaking" LastSeen="0001-01-01 00:00:00Z" />
           </Messages>
          </Member>
          <Member Name="#cbHamaSuction" Kind="Field" Static="False" Accessibility="Assembly" ExternallyVisible="False">
           <Messages>
            <Message TypeName="AvoidUnusedPrivateFields" Category="Microsoft.Performance" CheckId="CA1823" Status="ExcludedInSource" Created="2019-01-12 02:59:33Z" FixCategory="NonBreaking" LastSeen="0001-01-01 00:00:00Z" />
           </Messages>
          </Member>
          <Member Name="#cbHamaWeek" Kind="Field" Static="False" Accessibility="Assembly" ExternallyVisible="False">
           <Messages>
            <Message TypeName="AvoidUnusedPrivateFields" Category="Microsoft.Performance" CheckId="CA1823" Status="ExcludedInSource" Created="2019-01-12 02:59:33Z" FixCategory="NonBreaking" LastSeen="0001-01-01 00:00:00Z" />
           </Messages>
          </Member>
          <Member Name="#cbIce" Kind="Field" Static="False" Accessibility="Assembly" ExternallyVisible="False">
           <Messages>
            <Message TypeName="AvoidUnusedPrivateFields" Category="Microsoft.Performance" CheckId="CA1823" Status="ExcludedInSource" Created="2019-01-12 02:59:33Z" FixCategory="NonBreaking" LastSeen="0001-01-01 00:00:00Z" />
           </Messages>
          </Member>
          <Member Name="#cbIceNone" Kind="Field" Static="False" Accessibility="Assembly" ExternallyVisible="False">
           <Messages>
            <Message TypeName="AvoidUnusedPrivateFields" Category="Microsoft.Performance" CheckId="CA1823" Status="ExcludedInSource" Created="2019-01-12 02:59:33Z" FixCategory="NonBreaking" LastSeen="0001-01-01 00:00:00Z" />
           </Messages>
          </Member>
          <Member Name="#cbIceReflection" Kind="Field" Static="False" Accessibility="Assembly" ExternallyVisible="False">
           <Messages>
            <Message TypeName="AvoidUnusedPrivateFields" Category="Microsoft.Performance" CheckId="CA1823" Status="ExcludedInSource" Created="2019-01-12 02:59:33Z" FixCategory="NonBreaking" LastSeen="0001-01-01 00:00:00Z" />
           </Messages>
          </Member>
          <Member Name="#cbIceRegist" Kind="Field" Static="False" Accessibility="Assembly" ExternallyVisible="False">
           <Messages>
            <Message TypeName="AvoidUnusedPrivateFields" Category="Microsoft.Performance" CheckId="CA1823" Status="ExcludedInSource" Created="2019-01-12 02:59:33Z" FixCategory="NonBreaking" LastSeen="0001-01-01 00:00:00Z" />
           </Messages>
          </Member>
          <Member Name="#cbIceSuction" Kind="Field" Static="False" Accessibility="Assembly" ExternallyVisible="False">
           <Messages>
            <Message TypeName="AvoidUnusedPrivateFields" Category="Microsoft.Performance" CheckId="CA1823" Status="ExcludedInSource" Created="2019-01-12 02:59:33Z" FixCategory="NonBreaking" LastSeen="0001-01-01 00:00:00Z" />
           </Messages>
          </Member>
          <Member Name="#cbIceWeek" Kind="Field" Static="False" Accessibility="Assembly" ExternallyVisible="False">
           <Messages>
            <Message TypeName="AvoidUnusedPrivateFields" Category="Microsoft.Performance" CheckId="CA1823" Status="ExcludedInSource" Created="2019-01-12 02:59:33Z" FixCategory="NonBreaking" LastSeen="0001-01-01 00:00:00Z" />
           </Messages>
          </Member>
          <Member Name="#cbImpact" Kind="Field" Static="False" Accessibility="Assembly" ExternallyVisible="False">
           <Messages>
            <Message TypeName="AvoidUnusedPrivateFields" Category="Microsoft.Performance" CheckId="CA1823" Status="ExcludedInSource" Created="2019-01-12 02:59:33Z" FixCategory="NonBreaking" LastSeen="0001-01-01 00:00:00Z" />
           </Messages>
          </Member>
          <Member Name="#cbImpactNone" Kind="Field" Static="False" Accessibility="Assembly" ExternallyVisible="False">
           <Messages>
            <Message TypeName="AvoidUnusedPrivateFields" Category="Microsoft.Performance" CheckId="CA1823" Status="ExcludedInSource" Created="2019-01-12 02:59:33Z" FixCategory="NonBreaking" LastSeen="0001-01-01 00:00:00Z" />
           </Messages>
          </Member>
          <Member Name="#cbImpactReflection" Kind="Field" Static="False" Accessibility="Assembly" ExternallyVisible="False">
           <Messages>
            <Message TypeName="AvoidUnusedPrivateFields" Category="Microsoft.Performance" CheckId="CA1823" Status="ExcludedInSource" Created="2019-01-12 02:59:33Z" FixCategory="NonBreaking" LastSeen="0001-01-01 00:00:00Z" />
           </Messages>
          </Member>
          <Member Name="#cbImpactRegist" Kind="Field" Static="False" Accessibility="Assembly" ExternallyVisible="False">
           <Messages>
            <Message TypeName="AvoidUnusedPrivateFields" Category="Microsoft.Performance" CheckId="CA1823" Status="ExcludedInSource" Created="2019-01-12 02:59:33Z" FixCategory="NonBreaking" LastSeen="0001-01-01 00:00:00Z" />
           </Messages>
          </Member>
          <Member Name="#cbImpactSuction" Kind="Field" Static="False" Accessibility="Assembly" ExternallyVisible="False">
           <Messages>
            <Message TypeName="AvoidUnusedPrivateFields" Category="Microsoft.Performance" CheckId="CA1823" Status="ExcludedInSource" Created="2019-01-12 02:59:33Z" FixCategory="NonBreaking" LastSeen="0001-01-01 00:00:00Z" />
           </Messages>
          </Member>
          <Member Name="#cbImpactWeek" Kind="Field" Static="False" Accessibility="Assembly" ExternallyVisible="False">
           <Messages>
            <Message TypeName="AvoidUnusedPrivateFields" Category="Microsoft.Performance" CheckId="CA1823" Status="ExcludedInSource" Created="2019-01-12 02:59:33Z" FixCategory="NonBreaking" LastSeen="0001-01-01 00:00:00Z" />
           </Messages>
          </Member>
          <Member Name="#cbInherit" Kind="Field" Static="False" Accessibility="Assembly" ExternallyVisible="False">
           <Messages>
            <Message TypeName="AvoidUnusedPrivateFields" Category="Microsoft.Performance" CheckId="CA1823" Status="ExcludedInSource" Created="2019-01-12 02:59:33Z" FixCategory="NonBreaking" LastSeen="0001-01-01 00:00:00Z" />
           </Messages>
          </Member>
          <Member Name="#cbPhysics" Kind="Field" Static="False" Accessibility="Assembly" ExternallyVisible="False">
           <Messages>
            <Message TypeName="AvoidUnusedPrivateFields" Category="Microsoft.Performance" CheckId="CA1823" Status="ExcludedInSource" Created="2019-01-12 02:59:33Z" FixCategory="NonBreaking" LastSeen="0001-01-01 00:00:00Z" />
           </Messages>
          </Member>
          <Member Name="#cbPhysicsNone" Kind="Field" Static="False" Accessibility="Assembly" ExternallyVisible="False">
           <Messages>
            <Message TypeName="AvoidUnusedPrivateFields" Category="Microsoft.Performance" CheckId="CA1823" Status="ExcludedInSource" Created="2019-01-12 02:59:33Z" FixCategory="NonBreaking" LastSeen="0001-01-01 00:00:00Z" />
           </Messages>
          </Member>
          <Member Name="#cbPhysicsReflection" Kind="Field" Static="False" Accessibility="Assembly" ExternallyVisible="False">
           <Messages>
            <Message TypeName="AvoidUnusedPrivateFields" Category="Microsoft.Performance" CheckId="CA1823" Status="ExcludedInSource" Created="2019-01-12 02:59:33Z" FixCategory="NonBreaking" LastSeen="0001-01-01 00:00:00Z" />
           </Messages>
          </Member>
          <Member Name="#cbPhysicsRegist" Kind="Field" Static="False" Accessibility="Assembly" ExternallyVisible="False">
           <Messages>
            <Message TypeName="AvoidUnusedPrivateFields" Category="Microsoft.Performance" CheckId="CA1823" Status="ExcludedInSource" Created="2019-01-12 02:59:33Z" FixCategory="NonBreaking" LastSeen="0001-01-01 00:00:00Z" />
           </Messages>
          </Member>
          <Member Name="#cbPhysicsSuction" Kind="Field" Static="False" Accessibility="Assembly" ExternallyVisible="False">
           <Messages>
            <Message TypeName="AvoidUnusedPrivateFields" Category="Microsoft.Performance" CheckId="CA1823" Status="ExcludedInSource" Created="2019-01-12 02:59:33Z" FixCategory="NonBreaking" LastSeen="0001-01-01 00:00:00Z" />
           </Messages>
          </Member>
          <Member Name="#cbPhysicsWeek" Kind="Field" Static="False" Accessibility="Assembly" ExternallyVisible="False">
           <Messages>
            <Message TypeName="AvoidUnusedPrivateFields" Category="Microsoft.Performance" CheckId="CA1823" Status="ExcludedInSource" Created="2019-01-12 02:59:33Z" FixCategory="NonBreaking" LastSeen="0001-01-01 00:00:00Z" />
           </Messages>
          </Member>
          <Member Name="#cbShock" Kind="Field" Static="False" Accessibility="Assembly" ExternallyVisible="False">
           <Messages>
            <Message TypeName="AvoidUnusedPrivateFields" Category="Microsoft.Performance" CheckId="CA1823" Status="ExcludedInSource" Created="2019-01-12 02:59:33Z" FixCategory="NonBreaking" LastSeen="0001-01-01 00:00:00Z" />
           </Messages>
          </Member>
          <Member Name="#cbShockNone" Kind="Field" Static="False" Accessibility="Assembly" ExternallyVisible="False">
           <Messages>
            <Message TypeName="AvoidUnusedPrivateFields" Category="Microsoft.Performance" CheckId="CA1823" Status="ExcludedInSource" Created="2019-01-12 02:59:33Z" FixCategory="NonBreaking" LastSeen="0001-01-01 00:00:00Z" />
           </Messages>
          </Member>
          <Member Name="#cbShockReflection" Kind="Field" Static="False" Accessibility="Assembly" ExternallyVisible="False">
           <Messages>
            <Message TypeName="AvoidUnusedPrivateFields" Category="Microsoft.Performance" CheckId="CA1823" Status="ExcludedInSource" Created="2019-01-12 02:59:33Z" FixCategory="NonBreaking" LastSeen="0001-01-01 00:00:00Z" />
           </Messages>
          </Member>
          <Member Name="#cbShockRegist" Kind="Field" Static="False" Accessibility="Assembly" ExternallyVisible="False">
           <Messages>
            <Message TypeName="AvoidUnusedPrivateFields" Category="Microsoft.Performance" CheckId="CA1823" Status="ExcludedInSource" Created="2019-01-12 02:59:33Z" FixCategory="NonBreaking" LastSeen="0001-01-01 00:00:00Z" />
           </Messages>
          </Member>
          <Member Name="#cbShockSuction" Kind="Field" Static="False" Accessibility="Assembly" ExternallyVisible="False">
           <Messages>
            <Message TypeName="AvoidUnusedPrivateFields" Category="Microsoft.Performance" CheckId="CA1823" Status="ExcludedInSource" Created="2019-01-12 02:59:33Z" FixCategory="NonBreaking" LastSeen="0001-01-01 00:00:00Z" />
           </Messages>
          </Member>
          <Member Name="#cbShockWeek" Kind="Field" Static="False" Accessibility="Assembly" ExternallyVisible="False">
           <Messages>
            <Message TypeName="AvoidUnusedPrivateFields" Category="Microsoft.Performance" CheckId="CA1823" Status="ExcludedInSource" Created="2019-01-12 02:59:33Z" FixCategory="NonBreaking" LastSeen="0001-01-01 00:00:00Z" />
           </Messages>
          </Member>
          <Member Name="#cbSkillAttribute1" Kind="Field" Static="False" Accessibility="Assembly" ExternallyVisible="False">
           <Messages>
            <Message TypeName="AvoidUnusedPrivateFields" Category="Microsoft.Performance" CheckId="CA1823" Status="ExcludedInSource" Created="2019-01-12 02:59:33Z" FixCategory="NonBreaking" LastSeen="0001-01-01 00:00:00Z" />
           </Messages>
          </Member>
          <Member Name="#cbSkillAttribute10" Kind="Field" Static="False" Accessibility="Assembly" ExternallyVisible="False">
           <Messages>
            <Message TypeName="AvoidUnusedPrivateFields" Category="Microsoft.Performance" CheckId="CA1823" Status="ExcludedInSource" Created="2019-01-12 02:59:33Z" FixCategory="NonBreaking" LastSeen="0001-01-01 00:00:00Z" />
           </Messages>
          </Member>
          <Member Name="#cbSkillAttribute11" Kind="Field" Static="False" Accessibility="Assembly" ExternallyVisible="False">
           <Messages>
            <Message TypeName="AvoidUnusedPrivateFields" Category="Microsoft.Performance" CheckId="CA1823" Status="ExcludedInSource" Created="2019-01-12 02:59:33Z" FixCategory="NonBreaking" LastSeen="0001-01-01 00:00:00Z" />
           </Messages>
          </Member>
          <Member Name="#cbSkillAttribute12" Kind="Field" Static="False" Accessibility="Assembly" ExternallyVisible="False">
           <Messages>
            <Message TypeName="AvoidUnusedPrivateFields" Category="Microsoft.Performance" CheckId="CA1823" Status="ExcludedInSource" Created="2019-01-12 02:59:33Z" FixCategory="NonBreaking" LastSeen="0001-01-01 00:00:00Z" />
           </Messages>
          </Member>
          <Member Name="#cbSkillAttribute13" Kind="Field" Static="False" Accessibility="Assembly" ExternallyVisible="False">
           <Messages>
            <Message TypeName="AvoidUnusedPrivateFields" Category="Microsoft.Performance" CheckId="CA1823" Status="ExcludedInSource" Created="2019-01-12 02:59:33Z" FixCategory="NonBreaking" LastSeen="0001-01-01 00:00:00Z" />
           </Messages>
          </Member>
          <Member Name="#cbSkillAttribute14" Kind="Field" Static="False" Accessibility="Assembly" ExternallyVisible="False">
           <Messages>
            <Message TypeName="AvoidUnusedPrivateFields" Category="Microsoft.Performance" CheckId="CA1823" Status="ExcludedInSource" Created="2019-01-12 02:59:33Z" FixCategory="NonBreaking" LastSeen="0001-01-01 00:00:00Z" />
           </Messages>
          </Member>
          <Member Name="#cbSkillAttribute15" Kind="Field" Static="False" Accessibility="Assembly" ExternallyVisible="False">
           <Messages>
            <Message TypeName="AvoidUnusedPrivateFields" Category="Microsoft.Performance" CheckId="CA1823" Status="ExcludedInSource" Created="2019-01-12 02:59:33Z" FixCategory="NonBreaking" LastSeen="0001-01-01 00:00:00Z" />
           </Messages>
          </Member>
          <Member Name="#cbSkillAttribute2" Kind="Field" Static="False" Accessibility="Assembly" ExternallyVisible="False">
           <Messages>
            <Message TypeName="AvoidUnusedPrivateFields" Category="Microsoft.Performance" CheckId="CA1823" Status="ExcludedInSource" Created="2019-01-12 02:59:33Z" FixCategory="NonBreaking" LastSeen="0001-01-01 00:00:00Z" />
           </Messages>
          </Member>
          <Member Name="#cbSkillAttribute3" Kind="Field" Static="False" Accessibility="Assembly" ExternallyVisible="False">
           <Messages>
            <Message TypeName="AvoidUnusedPrivateFields" Category="Microsoft.Performance" CheckId="CA1823" Status="ExcludedInSource" Created="2019-01-12 02:59:33Z" FixCategory="NonBreaking" LastSeen="0001-01-01 00:00:00Z" />
           </Messages>
          </Member>
          <Member Name="#cbSkillAttribute4" Kind="Field" Static="False" Accessibility="Assembly" ExternallyVisible="False">
           <Messages>
            <Message TypeName="AvoidUnusedPrivateFields" Category="Microsoft.Performance" CheckId="CA1823" Status="ExcludedInSource" Created="2019-01-12 02:59:33Z" FixCategory="NonBreaking" LastSeen="0001-01-01 00:00:00Z" />
           </Messages>
          </Member>
          <Member Name="#cbSkillAttribute5" Kind="Field" Static="False" Accessibility="Assembly" ExternallyVisible="False">
           <Messages>
            <Message TypeName="AvoidUnusedPrivateFields" Category="Microsoft.Performance" CheckId="CA1823" Status="ExcludedInSource" Created="2019-01-12 02:59:33Z" FixCategory="NonBreaking" LastSeen="0001-01-01 00:00:00Z" />
           </Messages>
          </Member>
          <Member Name="#cbSkillAttribute6" Kind="Field" Static="False" Accessibility="Assembly" ExternallyVisible="False">
           <Messages>
            <Message TypeName="AvoidUnusedPrivateFields" Category="Microsoft.Performance" CheckId="CA1823" Status="ExcludedInSource" Created="2019-01-12 02:59:33Z" FixCategory="NonBreaking" LastSeen="0001-01-01 00:00:00Z" />
           </Messages>
          </Member>
          <Member Name="#cbSkillAttribute7" Kind="Field" Static="False" Accessibility="Assembly" ExternallyVisible="False">
           <Messages>
            <Message TypeName="AvoidUnusedPrivateFields" Category="Microsoft.Performance" CheckId="CA1823" Status="ExcludedInSource" Created="2019-01-12 02:59:33Z" FixCategory="NonBreaking" LastSeen="0001-01-01 00:00:00Z" />
           </Messages>
          </Member>
          <Member Name="#cbSkillAttribute8" Kind="Field" Static="False" Accessibility="Assembly" ExternallyVisible="False">
           <Messages>
            <Message TypeName="AvoidUnusedPrivateFields" Category="Microsoft.Performance" CheckId="CA1823" Status="ExcludedInSource" Created="2019-01-12 02:59:33Z" FixCategory="NonBreaking" LastSeen="0001-01-01 00:00:00Z" />
           </Messages>
          </Member>
          <Member Name="#cbSkillAttribute9" Kind="Field" Static="False" Accessibility="Assembly" ExternallyVisible="False">
           <Messages>
            <Message TypeName="AvoidUnusedPrivateFields" Category="Microsoft.Performance" CheckId="CA1823" Status="ExcludedInSource" Created="2019-01-12 02:59:33Z" FixCategory="NonBreaking" LastSeen="0001-01-01 00:00:00Z" />
           </Messages>
          </Member>
          <Member Name="#DevilAnalyzer" Kind="Field" Static="False" Accessibility="Assembly" ExternallyVisible="False">
           <Messages>
            <Message TypeName="AvoidUnusedPrivateFields" Category="Microsoft.Performance" CheckId="CA1823" Status="ExcludedInSource" Created="2019-01-12 02:59:33Z" FixCategory="NonBreaking" LastSeen="0001-01-01 00:00:00Z" />
           </Messages>
          </Member>
          <Member Name="#dgSearch" Kind="Field" Static="False" Accessibility="Assembly" ExternallyVisible="False">
           <Messages>
            <Message TypeName="AvoidUnusedPrivateFields" Category="Microsoft.Performance" CheckId="CA1823" Status="ExcludedInSource" Created="2019-01-12 02:59:33Z" FixCategory="NonBreaking" LastSeen="0001-01-01 00:00:00Z" />
           </Messages>
          </Member>
          <Member Name="#spName" Kind="Field" Static="False" Accessibility="Assembly" ExternallyVisible="False">
           <Messages>
            <Message TypeName="AvoidUnusedPrivateFields" Category="Microsoft.Performance" CheckId="CA1823" Status="ExcludedInSource" Created="2019-01-12 02:59:33Z" FixCategory="NonBreaking" LastSeen="0001-01-01 00:00:00Z" />
           </Messages>
          </Member>
          <Member Name="#System.Windows.Markup.IComponentConnector.Connect(System.Int32,System.Object)" Kind="Method" Static="False" Accessibility="Private" ExternallyVisible="True">
           <Messages>
            <Message TypeName="AvoidExcessiveComplexity" Category="Microsoft.Maintainability" CheckId="CA1502" Status="ExcludedInSource" Created="2019-01-12 02:59:33Z" FixCategory="NonBreaking" LastSeen="0001-01-01 00:00:00Z" />
            <Message TypeName="DoNotCastUnnecessarily" Category="Microsoft.Performance" CheckId="CA1800" Status="ExcludedInSource" Created="2019-01-12 02:59:33Z" FixCategory="NonBreaking" LastSeen="0001-01-01 00:00:00Z" />
            <Message TypeName="InterfaceMethodsShouldBeCallableByChildTypes" Category="Microsoft.Design" CheckId="CA1033" Status="ExcludedInSource" Created="2019-01-12 02:59:33Z" FixCategory="NonBreaking" LastSeen="0001-01-01 00:00:00Z" />
           </Messages>
          </Member>
          <Member Name="#txtDevilName" Kind="Field" Static="False" Accessibility="Assembly" ExternallyVisible="False">
           <Messages>
            <Message TypeName="AvoidUnusedPrivateFields" Category="Microsoft.Performance" CheckId="CA1823" Status="ExcludedInSource" Created="2019-01-12 02:59:33Z" FixCategory="NonBreaking" LastSeen="0001-01-01 00:00:00Z" />
           </Messages>
          </Member>
          <Member Name="#txtSkillName" Kind="Field" Static="False" Accessibility="Assembly" ExternallyVisible="False">
           <Messages>
            <Message TypeName="AvoidUnusedPrivateFields" Category="Microsoft.Performance" CheckId="CA1823" Status="ExcludedInSource" Created="2019-01-12 02:59:33Z" FixCategory="NonBreaking" LastSeen="0001-01-01 00:00:00Z" />
           </Messages>
          </Member>
         </Members>
        </Type>
        <Type Name="SkillDetail" Kind="Class" Accessibility="Public" ExternallyVisible="True">
         <Members>
          <Member Name="#lblAttribute" Kind="Field" Static="False" Accessibility="Assembly" ExternallyVisible="False">
           <Messages>
            <Message TypeName="AvoidUnusedPrivateFields" Category="Microsoft.Performance" CheckId="CA1823" Status="ExcludedInSource" Created="2019-01-12 02:59:33Z" FixCategory="NonBreaking" LastSeen="0001-01-01 00:00:00Z" />
           </Messages>
          </Member>
          <Member Name="#lblCount" Kind="Field" Static="False" Accessibility="Assembly" ExternallyVisible="False">
           <Messages>
            <Message TypeName="AvoidUnusedPrivateFields" Category="Microsoft.Performance" CheckId="CA1823" Status="ExcludedInSource" Created="2019-01-12 02:59:33Z" FixCategory="NonBreaking" LastSeen="0001-01-01 00:00:00Z" />
           </Messages>
          </Member>
          <Member Name="#lblInheritancePoint" Kind="Field" Static="False" Accessibility="Assembly" ExternallyVisible="False">
           <Messages>
            <Message TypeName="AvoidUnusedPrivateFields" Category="Microsoft.Performance" CheckId="CA1823" Status="ExcludedInSource" Created="2019-01-12 02:59:33Z" FixCategory="NonBreaking" LastSeen="0001-01-01 00:00:00Z" />
           </Messages>
          </Member>
          <Member Name="#lblLVUP" Kind="Field" Static="False" Accessibility="Assembly" ExternallyVisible="False">
           <Messages>
            <Message TypeName="AvoidUnusedPrivateFields" Category="Microsoft.Performance" CheckId="CA1823" Status="ExcludedInSource" Created="2019-01-12 02:59:33Z" FixCategory="NonBreaking" LastSeen="0001-01-01 00:00:00Z" />
           </Messages>
          </Member>
          <Member Name="#lblMaxLV" Kind="Field" Static="False" Accessibility="Assembly" ExternallyVisible="False">
           <Messages>
            <Message TypeName="AvoidUnusedPrivateFields" Category="Microsoft.Performance" CheckId="CA1823" Status="ExcludedInSource" Created="2019-01-12 02:59:33Z" FixCategory="NonBreaking" LastSeen="0001-01-01 00:00:00Z" />
           </Messages>
          </Member>
          <Member Name="#lblMP" Kind="Field" Static="False" Accessibility="Assembly" ExternallyVisible="False">
           <Messages>
            <Message TypeName="AvoidUnusedPrivateFields" Category="Microsoft.Performance" CheckId="CA1823" Status="ExcludedInSource" Created="2019-01-12 02:59:33Z" FixCategory="NonBreaking" LastSeen="0001-01-01 00:00:00Z" />
           </Messages>
          </Member>
          <Member Name="#lblPower" Kind="Field" Static="False" Accessibility="Assembly" ExternallyVisible="False">
           <Messages>
            <Message TypeName="AvoidUnusedPrivateFields" Category="Microsoft.Performance" CheckId="CA1823" Status="ExcludedInSource" Created="2019-01-12 02:59:33Z" FixCategory="NonBreaking" LastSeen="0001-01-01 00:00:00Z" />
           </Messages>
          </Member>
          <Member Name="#lblSkillName" Kind="Field" Static="False" Accessibility="Assembly" ExternallyVisible="False">
           <Messages>
            <Message TypeName="AvoidUnusedPrivateFields" Category="Microsoft.Performance" CheckId="CA1823" Status="ExcludedInSource" Created="2019-01-12 02:59:33Z" FixCategory="NonBreaking" LastSeen="0001-01-01 00:00:00Z" />
           </Messages>
          </Member>
          <Member Name="#lblTarget" Kind="Field" Static="False" Accessibility="Assembly" ExternallyVisible="False">
           <Messages>
            <Message TypeName="AvoidUnusedPrivateFields" Category="Microsoft.Performance" CheckId="CA1823" Status="ExcludedInSource" Created="2019-01-12 02:59:33Z" FixCategory="NonBreaking" LastSeen="0001-01-01 00:00:00Z" />
           </Messages>
          </Member>
          <Member Name="#System.Windows.Markup.IComponentConnector.Connect(System.Int32,System.Object)" Kind="Method" Static="False" Accessibility="Private" ExternallyVisible="True">
           <Messages>
            <Message TypeName="AvoidExcessiveComplexity" Category="Microsoft.Maintainability" CheckId="CA1502" Status="ExcludedInSource" Created="2019-01-12 02:59:33Z" FixCategory="NonBreaking" LastSeen="0001-01-01 00:00:00Z" />
            <Message TypeName="DoNotCastUnnecessarily" Category="Microsoft.Performance" CheckId="CA1800" Status="ExcludedInSource" Created="2019-01-12 02:59:33Z" FixCategory="NonBreaking" LastSeen="0001-01-01 00:00:00Z" />
            <Message TypeName="InterfaceMethodsShouldBeCallableByChildTypes" Category="Microsoft.Design" CheckId="CA1033" Status="ExcludedInSource" Created="2019-01-12 02:59:33Z" FixCategory="NonBreaking" LastSeen="0001-01-01 00:00:00Z" />
           </Messages>
          </Member>
          <Member Name="#tbEffect" Kind="Field" Static="False" Accessibility="Assembly" ExternallyVisible="False">
           <Messages>
            <Message TypeName="AvoidUnusedPrivateFields" Category="Microsoft.Performance" CheckId="CA1823" Status="ExcludedInSource" Created="2019-01-12 02:59:33Z" FixCategory="NonBreaking" LastSeen="0001-01-01 00:00:00Z" />
           </Messages>
          </Member>
         </Members>
        </Type>
       </Types>
      </Namespace>
      <Namespace Name="DevilAnalyzer.DA">
       <Types>
        <Type Name="DataAccess" Kind="Class" Accessibility="Assembly" ExternallyVisible="False">
         <Members>
          <Member Name="#readdata(System.String)" Kind="Method" Static="False" Accessibility="Public" ExternallyVisible="False">
           <Messages>
            <Message TypeName="SQL クエリのセキュリティ脆弱性を確認" Category="Microsoft.Security" CheckId="CA2100" Status="Active" Created="2019-01-12 02:59:33Z" FixCategory="DependsOnFix">
             <Issue Name="WithNonLiterals" Certainty="75" Level="Warning" Path="E:\git\gitlab\d2megaten\devilanalyzer\DevilAnalyzer\DA" File="DataAccess.cs" Line="32">'DataAccess.readdata(string)' の 'SQLiteCommand.CommandText.set(string)' に渡されたクエリ文字列には、変数 'prmStrQuery' が含まれる可能性があります。これらの変数のいずれかがユーザー入力から取得される可能性がある場合は、文字列の連結によってクエリを構成する代わりに、ストアド プロシージャまたはパラメーター化 SQL クエリを使用することを検討してください。</Issue>
            </Message>
            <Message TypeName="オブジェクトを複数回破棄しない" Category="Microsoft.Usage" CheckId="CA2202" Status="Active" Created="2019-01-12 02:59:33Z" FixCategory="DependsOnFix">
             <Issue Certainty="75" Level="Warning" Path="E:\git\gitlab\d2megaten\devilanalyzer\DevilAnalyzer\DA" File="DataAccess.cs" Line="43">オブジェクト 'con' は、メソッド 'DataAccess.readdata(string)' 内で 2 回以上破棄される可能性があります。System.ObjectDisposedException の生成を回避するには、オブジェクトに対して Dispose を 2 回以上呼び出さないようにしてください。: Lines: 43</Issue>
            </Message>
           </Messages>
          </Member>
         </Members>
        </Type>
       </Types>
      </Namespace>
      <Namespace Name="DevilAnalyzer.Properties">
       <Types>
        <Type Name="Resources" Kind="Class" Accessibility="Assembly" ExternallyVisible="False">
         <Members>
          <Member Name="#.ctor()" Kind="Method" Static="False" Accessibility="Assembly" ExternallyVisible="False">
           <Messages>
            <Message TypeName="AvoidUncalledPrivateCode" Category="Microsoft.Performance" CheckId="CA1811" Status="ExcludedInSource" Created="2019-01-12 02:59:33Z" FixCategory="NonBreaking" LastSeen="0001-01-01 00:00:00Z" />
           </Messages>
          </Member>
         </Members>
        </Type>
       </Types>
      </Namespace>
     </Namespaces>
    </Module>
   </Modules>
  </Target>
 </Targets>
 <Rules>
  <Rule TypeName="AvoidExcessiveComplexity" Category="Microsoft.Maintainability" CheckId="CA1502">
   <Name>メソッドの実装を複雑にしすぎないでください</Name>
   <Description>複雑すぎるメソッドの実装は、コードの理解と維持を困難にします。</Description>
   <Owner />
   <Url>http://msdn.microsoft.com/library/ms182212.aspx</Url>
   <Email>[none]</Email>
   <MessageLevel Certainty="90">Warning</MessageLevel>
   <File Name="maintainabilityrules.dll" Version="15.0.0.0" />
  </Rule>
  <Rule TypeName="AvoidUncalledPrivateCode" Category="Microsoft.Performance" CheckId="CA1811">
   <Name>呼び出されていないプライベート コードを使用しません</Name>
   <Description>外部から参照可能ではない、不明なランタイム エントリ ポイントである、呼び出されていないコードがあります。この違反がエラーを発生させる場合、Visual Studio コード分析チームに問題報告を送信してください。</Description>
   <Owner />
   <Url>http://msdn.microsoft.com/library/ms182264.aspx</Url>
   <Email>[none]</Email>
   <MessageLevel Certainty="75">Warning</MessageLevel>
   <File Name="performancerules.dll" Version="15.0.0.0" />
  </Rule>
  <Rule TypeName="AvoidUnusedPrivateFields" Category="Microsoft.Performance" CheckId="CA1823">
   <Name>使用されていないプライベート フィールドを使用しません</Name>
   <Description>プライベート フィールドがアセンブリ内でアクセスされていないことを検出しました。この違反がエラーを発生させる場合、Visual Studio コード分析チームに問題報告を送信してください。</Description>
   <Owner />
   <Url>http://msdn.microsoft.com/library/ms245042.aspx</Url>
   <Email>[none]</Email>
   <MessageLevel Certainty="75">Warning</MessageLevel>
   <File Name="performancerules.dll" Version="15.0.0.0" />
  </Rule>
  <Rule TypeName="DoNotCastUnnecessarily" Category="Microsoft.Performance" CheckId="CA1800">
   <Name>不必要にキャストしません</Name>
   <Description>重複するキャストをできるだけ使用しないでください。意図せずパフォーマンスに影響を与える可能性があります。</Description>
   <Owner />
   <Url>http://msdn.microsoft.com/library/ms182271.aspx</Url>
   <Email>[none]</Email>
   <MessageLevel Certainty="95">Warning</MessageLevel>
   <File Name="performancerules.dll" Version="15.0.0.0" />
  </Rule>
  <Rule TypeName="InterfaceMethodsShouldBeCallableByChildTypes" Category="Microsoft.Design" CheckId="CA1033">
   <Name>インターフェイス メソッドは、子型によって呼び出し可能でなければなりません</Name>
   <Description>明示的なメソッドの実装は、プライベート アクセシビリティとともに定義されます。明示的にメソッドが実装されたクラスから派生するクラスを、元のクラスで再度宣言する場合、基底クラスが適切なアクセシビリティを持つ代替アクセシビリティを指定していない限り、基底クラスの実装を呼び出すことはできません。基底クラスの実装の呼び出しを行うために、明示的なインターフェイスの実装によって隠された基底クラス メソッドをオーバーライドする場合、派生クラスは基本ポインターを適切なインターフェイスにキャストしなければなりません。この参照によって呼び出しを行うと、実際には派生クラスの実装が呼び出され、結果的には、再帰およびスタック オーバーフローを発生させる原因となります。</Description>
   <Owner />
   <Url>http://msdn.microsoft.com/library/ms182153.aspx</Url>
   <Email>[none]</Email>
   <MessageLevel Certainty="95">Error</MessageLevel>
   <File Name="designrules.dll" Version="15.0.0.0" />
  </Rule>
  <Rule TypeName="SQL クエリのセキュリティ脆弱性を確認" Category="Microsoft.Security" CheckId="CA2100">
   <Name>SQL クエリのセキュリティ脆弱性を確認</Name>
   <Description>ユーザー入力から作成された SQL コマンド文字列は、SQL インジェクション攻撃に対して脆弱です。Microsoft SQL Server および他のデータベース サーバーは、インジェクション攻撃のリスクを低減するためにストアド プロシージャとパラメーター化 SQL クエリをサポートしています。</Description>
   <Resolution Name="WithNonLiterals">{1} の {0} に渡されたクエリ文字列には、変数 {2} が含まれる可能性があります。これらの変数のいずれかがユーザー入力から取得される可能性がある場合は、文字列の連結によってクエリを構成する代わりに、ストアド プロシージャまたはパラメーター化 SQL クエリを使用することを検討してください。</Resolution>
   <Owner>RuleOwner</Owner>
   <Url>http://msdn.microsoft.com/library/ms182310.aspx</Url>
   <Email />
   <MessageLevel Certainty="75">Warning</MessageLevel>
   <File Name="dataflowrules.dll" Version="15.0.0.0" />
  </Rule>
  <Rule TypeName="オブジェクトを複数回破棄しない" Category="Microsoft.Usage" CheckId="CA2202">
   <Name>オブジェクトを複数回破棄しない</Name>
   <Description>正しく実装された Dispose メソッドは、例外がスローされることなく複数回呼び出すことが可能です。ただし、これは保証された動作ではないので、System.ObjectDisposedException の生成を回避するには、オブジェクトに対して Dispose を 2 回以上呼び出さないようにしてください。</Description>
   <Resolution Name="Default">オブジェクト {0} は、メソッド {1} 内で 2 回以上破棄される可能性があります。System.ObjectDisposedException の生成を回避するには、オブジェクトに対して Dispose を 2 回以上呼び出さないようにしてください。: Lines: 43</Resolution>
   <Owner>RuleOwner</Owner>
   <Url>http://msdn.microsoft.com/library/ms182334.aspx</Url>
   <Email />
   <MessageLevel Certainty="75">Warning</MessageLevel>
   <File Name="dataflowrules.dll" Version="15.0.0.0" />
  </Rule>
 </Rules>
 <Localized>
  <String Key="Category">カテゴリ</String>
  <String Key="Certainty">確実性</String>
  <String Key="CollapseAll">すべて折りたたむ</String>
  <String Key="CheckId">ID の確認</String>
  <String Key="Error">エラー</String>
  <String Key="Errors">エラー</String>
  <String Key="ExpandAll">すべて展開</String>
  <String Key="Help">ヘルプ</String>
  <String Key="Line">行</String>
  <String Key="Messages">メッセージ</String>
  <String Key="LocationNotStoredInPdb">[場所は Pdb に格納されていません]</String>
  <String Key="Project">プロジェクト</String>
  <String Key="Resolution">解像度</String>
  <String Key="Rule">ルール</String>
  <String Key="RuleFile">規則ファイル</String>
  <String Key="RuleDescription">規則の説明</String>
  <String Key="Source">ソース</String>
  <String Key="Status">状態</String>
  <String Key="Target">ターゲット</String>
  <String Key="Warning">警告</String>
  <String Key="Warnings">警告</String>
  <String Key="ReportTitle">コード分析レポート</String>
 </Localized>
</FxCopReport>
